vsid,weight,gender,age_group4,education,income,region,metro,race,hispanic,pid_base,pid_lean,vote_2024,votechoice_2024
8ae9e64f-c999-4144-a26f-77043aafa20e,0.827127862,Male,50-64,4-year or bachelor degree,"$100,000 to under $150,000",South,Metropolitan,White,No,Republican,,I voted,Donald Trump
3ff6a444-b399-441f-8a96-e633e5ee94d8,1.072785078,Male,50-64,High school graduate or GED,"$150,000 to under $200,000",Midwest,Non-metro,White,No,Democrat,,I voted,Kamala Harris
eb901674-6b50-4a97-8a05-e64f5f73e1a4,0.701041399,Female,65+,Post-graduate degree,"$50,000 to under $75,000",Midwest,Metropolitan,White,No,Democrat,,I voted,Kamala Harris
8c024bd0-f06d-4ce7-8957-d2da32dbacdb,1.031828575,Male,50-64,High school graduate or GED,"$50,000 to under $75,000",Northeast,Metropolitan,White,No,Other or none,Neither,I voted,Kamala Harris
e14c91eb-2625-4d5e-8221-96871cf7344a,1.03685268,Male,65+,2-year or associate degree,"$75,000 to under $100,000",South,Metropolitan,White,No,Republican,,I voted,Donald Trump
5e1da797-e66c-488f-accd-749e80e898ff,0.753897988,Female,50-64,"Some college, no degree","$75,000 to under $100,000",South,Metropolitan,White,Yes,Democrat,,I voted,Kamala Harris
d61f101b-6f8e-47b1-9667-c271438212e0,1.03685268,Male,65+,"Some college, no degree","$100,000 to under $150,000",Midwest,Metropolitan,White,No,Republican,,I voted,Donald Trump
23b273fe-ec54-450b-9099-d9a61d79b34c,0.685695039,Female,65+,Post-graduate degree,"$50,000 to under $75,000",West,Metropolitan,White,No,Independent,The Republican Party,I voted,Donald Trump
9f1bc3fb-8121-409a-99d0-5e8b40e319ef,2.492108279,Male,65+,High school graduate or GED,"$50,000 to under $75,000",South,Metropolitan,White,No,Independent,The Republican Party,I voted,Someone else
4c8c7eed-8aec-4dee-bc8a-19eb41339e83,0.858915157,Male,30-49,Post-graduate degree,"$15,000 to under $50,000",West,Metropolitan,Asian or Asian-American,No,Independent,The Republican Party,I voted,Someone else
bba07c20-f70d-421d-8e51-d8a9e1831c43,2.653944149,Female,18-29,2-year or associate degree,"$75,000 to under $100,000",West,Metropolitan,White,Yes,Independent,Neither,I voted,Someone else
07971fdc-6302-4059-86e3-27e6edc8bb18,0.746492872,Female,65+,High school graduate or GED,"$15,000 to under $50,000",Northeast,Non-metro,White,No,Republican,,I voted,Kamala Harris
59f8c847-321d-4769-aec7-975485d04c64,0.973360632,Male,65+,4-year or bachelor degree,"$150,000 to under $200,000",West,Metropolitan,White,No,Republican,,I voted,Kamala Harris
39b6ddb8-46b1-4d2b-b64f-4d1378f3ea3c,1.191580124,Female,50-64,High school graduate or GED,"Less than $15,000",Midwest,Non-metro,Native American or American Indian,No,Other or none,Neither,I was not registered to vote,
f96f9951-7b90-476d-bf9a-9e9dd8fa22cb,0.508931087,Female,65+,"Some college, no degree","$15,000 to under $50,000",South,Metropolitan,White,No,Republican,,I voted,Donald Trump
f227767a-f91e-4904-981e-57a325e12815,0.710321431,Female,30-49,2-year or associate degree,"$50,000 to under $75,000",South,Metropolitan,White,No,Republican,,I voted,Donald Trump
43ca926f-0dec-4fc3-b3f6-8d402d9532c4,0.769849172,Male,50-64,4-year or bachelor degree,"More than $200,000",South,Metropolitan,Mixed race,No,Independent,The Democratic Party,I voted,Kamala Harris
46a7c286-7ffc-426e-87e9-105f266af925,0.425270579,Female,50-64,"Some college, no degree","$15,000 to under $50,000",West,Metropolitan,White,No,Republican,,I voted,Donald Trump
116aa3e5-75f8-477f-8900-3b96517e37eb,0.833136101,Female,30-49,Post-graduate degree,"$75,000 to under $100,000",Northeast,Metropolitan,Black or African-American,Yes,Republican,,I voted,Donald Trump
b28f00b9-f805-4998-875d-db2814f15a5e,0.569927012,Female,50-64,2-year or associate degree,"$50,000 to under $75,000",South,Metropolitan,Black or African-American,No,Democrat,,I voted,Kamala Harris
412ad4f4-7db4-4ef7-ae37-f712acae7246,0.387911946,Female,65+,4-year or bachelor degree,"$15,000 to under $50,000",South,Metropolitan,White,No,Independent,The Democratic Party,I voted,Kamala Harris
f92503d9-17bb-41bd-a0dd-4c11d85bcf92,2.531819372,Male,18-29,"Some college, no degree","$75,000 to under $100,000",West,Metropolitan,White,No,Independent,The Democratic Party,I voted,Someone else
9050978a-2247-4ed0-aa84-9c986496674b,0.550820485,Male,30-49,High school graduate or GED,"$15,000 to under $50,000",Northeast,Metropolitan,Black or African-American,No,Democrat,,I voted,Kamala Harris
ec12744f-2a62-490c-a249-54eb61016385,0.790298631,Male,65+,4-year or bachelor degree,"More than $200,000",South,Metropolitan,White,No,Other or none,The Democratic Party,I voted,Kamala Harris
37a2eb5a-604d-4944-837d-e8e150f243c7,0.939281643,Female,50-64,4-year or bachelor degree,"$15,000 to under $50,000",West,Metropolitan,Some other race,No,Republican,,I did not vote,
dadeb340-818e-4152-8cc9-cc3f4fcdfb8a,0.806410937,Male,50-64,2-year or associate degree,"$150,000 to under $200,000",Northeast,Metropolitan,Asian or Asian-American,No,Independent,The Democratic Party,I voted,Kamala Harris
17cf2283-fa68-42d9-b3be-7747acd7b9ba,0.844527031,Female,65+,4-year or bachelor degree,"$75,000 to under $100,000",Midwest,Metropolitan,White,No,Republican,,I voted,Donald Trump
df750941-0f9a-4c23-a7bb-eec0a28458bc,0.803681081,Male,65+,Post-graduate degree,"$50,000 to under $75,000",West,Metropolitan,White,No,Independent,The Republican Party,I voted,Donald Trump
710403de-fb0d-4370-ae07-fe4b3222874f,0.81135214,Male,50-64,4-year or bachelor degree,"More than $200,000",West,Metropolitan,White,Yes,Independent,The Democratic Party,I voted,Kamala Harris
d0078673-3a12-45d9-89da-4a1471aed1c3,1.030853539,Male,30-49,High school graduate or GED,"$50,000 to under $75,000",Midwest,Metropolitan,White,No,Democrat,,I voted,Kamala Harris
9ab497e8-8ce9-4586-ae31-d9bd9bb964e1,1.500000152,Male,18-29,4-year or bachelor degree,"More than $200,000",Northeast,Metropolitan,White,No,Republican,,I voted,Donald Trump
b0dc68e6-5090-4c3e-8713-1718c5c80619,1.273804759,Female,30-49,Post-graduate degree,"$75,000 to under $100,000",Northeast,Metropolitan,Asian or Asian-American,No,Independent,Neither,I did not vote,
4422ff00-d1d9-4fde-a2de-0970039606e5,0.790298631,Male,65+,4-year or bachelor degree,"$100,000 to under $150,000",Midwest,Non-metro,White,No,Independent,The Democratic Party,I voted,Kamala Harris
0524b13c-a8f5-4562-a13f-a96e9b8a6907,1.49298555,Male,30-49,Post-graduate degree,"$100,000 to under $150,000",Northeast,Metropolitan,Mixed race,No,Independent,The Democratic Party,I voted,Someone else
bbcffa60-624b-4c1f-ade8-0027b1d2e5ba,1.019587587,Male,65+,2-year or associate degree,"$50,000 to under $75,000",Midwest,Metropolitan,White,No,Republican,,I voted,Kamala Harris
e171ff8f-70ca-4d34-8a48-046cab3dcc65,0.612781236,Male,30-49,4-year or bachelor degree,"$150,000 to under $200,000",Northeast,Metropolitan,Black or African-American,No,Democrat,,I voted,Kamala Harris
9e8f0368-7d41-4692-9e69-709b900cdd1c,0.948468826,Female,30-49,Some high school or less,"Less than $15,000",South,Metropolitan,Black or African-American,No,Democrat,,I did not vote,
83ca3404-c462-4efd-9869-dd516a05b01b,0.569927012,Female,50-64,"Some college, no degree","$50,000 to under $75,000",South,Metropolitan,Black or African-American,No,Democrat,,I voted,Kamala Harris
6f1fc56e-c016-49f7-b461-75e6a839ad0b,0.79190532,Female,65+,"Some college, no degree","$15,000 to under $50,000",South,Metropolitan,Black or African-American,No,Democrat,,I did not vote,
8ace29c4-b4e8-4b84-bfa2-a21ea0c24266,1.370895511,Other,30-49,4-year or bachelor degree,"$75,000 to under $100,000",West,Metropolitan,Mixed race,No,Other or none,Neither,I voted,Someone else
78d69e16-a07f-4f32-9f9c-6addb705771e,1.039547872,Male,18-29,High school graduate or GED,"$15,000 to under $50,000",West,Metropolitan,Black or African-American,No,Democrat,,I voted,Kamala Harris
60da62f1-719b-4e48-bce3-6fd13eee2a6b,0.645318841,Male,30-49,Post-graduate degree,"$100,000 to under $150,000",Midwest,Non-metro,White,No,Independent,The Republican Party,I voted,Donald Trump
b0e3f117-446e-441b-bbe6-9d4f59627d17,1.541690138,Female,18-29,High school graduate or GED,"$75,000 to under $100,000",South,Metropolitan,Black or African-American,No,Democrat,,I voted,Kamala Harris
50de933c-6ae1-451a-9da9-72e5e22715e3,1.063075295,Female,30-49,"Some college, no degree","$75,000 to under $100,000",South,Metropolitan,Black or African-American,No,Other or none,The Democratic Party,I did not vote,
be97b3af-2428-4e61-8ca7-e93f57ce2325,0.7124779,Female,18-29,4-year or bachelor degree,"Less than $15,000",West,Metropolitan,Asian or Asian-American,No,Democrat,,I voted,Kamala Harris
08b324b2-9d36-4f99-a240-4a7197715c60,0.827127862,Male,50-64,Post-graduate degree,"$100,000 to under $150,000",South,Metropolitan,White,No,Republican,,I voted,Donald Trump
94b2a425-5474-49a3-9d54-9a4914c811bf,2.618766147,Female,65+,High school graduate or GED,"$50,000 to under $75,000",Northeast,Metropolitan,White,No,Republican,,I voted,Someone else
f0f55ecb-eec9-4b31-b489-3c746b3843c5,0.659761552,Male,30-49,4-year or bachelor degree,"$75,000 to under $100,000",Midwest,Metropolitan,White,No,Democrat,,I voted,Kamala Harris
1c9ab662-3e13-4407-a9f7-949c697f7604,0.912258436,Female,30-49,High school graduate or GED,"Less than $15,000",South,Non-metro,Black or African-American,No,Independent,Neither,I did not vote,
ae68b5ad-49d2-45bf-a735-ed310518bc58,0.362340828,Female,30-49,4-year or bachelor degree,"$15,000 to under $50,000",South,Metropolitan,Black or African-American,No,Republican,,I voted,Donald Trump
58f6a0df-e0f5-4813-9b44-7f51fe838ff4,0.671568169,Male,50-64,Post-graduate degree,"$150,000 to under $200,000",Northeast,Metropolitan,White,No,Independent,Neither,I voted,Donald Trump
ba69dd40-0f29-4a7b-bc35-0341a16b0002,2.014011018,Female,18-29,High school graduate or GED,"$75,000 to under $100,000",Northeast,Metropolitan,Black or African-American,No,Democrat,,I was too young to vote,
36921d20-a094-4817-b99d-8ed0db56ca9a,1.530329321,Male,50-64,High school graduate or GED,"$15,000 to under $50,000",South,Metropolitan,Black or African-American,Yes,Democrat,,I was not registered to vote,
d8a67d12-d9d2-4f88-953c-215e72da54cb,0.576729771,Female,30-49,"Some college, no degree","$75,000 to under $100,000",Midwest,Non-metro,White,No,Other or none,The Republican Party,I voted,Donald Trump
f348ec5f-29ab-4720-9a1c-3fde008f903a,1.280700401,Male,30-49,4-year or bachelor degree,"$100,000 to under $150,000",West,Metropolitan,White,No,Independent,Neither,I voted,Someone else
b82e89b4-862f-41a2-9be2-4db45426cd66,0.973360632,Male,65+,Post-graduate degree,"More than $200,000",,,White,No,Republican,,I voted,Kamala Harris
502e1fdf-15c8-429d-9246-be2f0acc7526,0.866409914,Male,50-64,2-year or associate degree,"$75,000 to under $100,000",Midwest,Metropolitan,White,No,Republican,,I voted,Donald Trump
a203518e-c649-4553-8790-2f85e0df3af3,1.462051066,Female,30-49,2-year or associate degree,"$100,000 to under $150,000",South,Metropolitan,White,Yes,Democrat,,I did not vote,
b6e26f60-db97-487e-ab42-880855ea2502,0.623747126,Male,50-64,Post-graduate degree,"$50,000 to under $75,000",South,Metropolitan,Black or African-American,No,Independent,Neither,I voted,Donald Trump
6795f871-8493-417a-961d-0be9e75de4c5,1.021185422,Female,30-49,High school graduate or GED,"Less than $15,000",South,Non-metro,White,No,Democrat,,I did not vote,
8beab0cd-7707-405d-ab40-f07c8960b845,1.259416128,Female,18-29,4-year or bachelor degree,"$75,000 to under $100,000",Northeast,Metropolitan,Mixed race,No,Democrat,,I voted,Donald Trump
25f7d51a-c99b-413a-9561-ca90fda7bf25,0.794798233,Male,30-49,4-year or bachelor degree,"$100,000 to under $150,000",South,Metropolitan,White,No,Republican,,I voted,Donald Trump
4e48755f-87ff-4067-9be5-d596f2fa58ff,1.451541553,Male,18-29,4-year or bachelor degree,"$50,000 to under $75,000",Northeast,Metropolitan,Asian or Asian-American,No,Democrat,,I voted,Kamala Harris
0e3d0fcf-bb2b-4479-94cc-952db05cb90f,1.03685268,Male,65+,2-year or associate degree,"$50,000 to under $75,000",South,Metropolitan,White,No,Republican,,I voted,Donald Trump
fc7ae4b6-fa1a-4c91-9eaa-92ec6c15b111,0.827127862,Male,50-64,4-year or bachelor degree,"$75,000 to under $100,000",West,Metropolitan,White,No,Republican,,I voted,Donald Trump
ce090de7-9c80-46f4-8534-5fffdb550489,2.102748436,Female,30-49,High school graduate or GED,"$50,000 to under $75,000",South,Metropolitan,White,No,Republican,,I did not vote,
550b0a51-4e90-4fa4-97f3-aee182b4c38a,0.846500826,Other,18-29,"Some college, no degree","Less than $15,000",Midwest,Metropolitan,White,Yes,Democrat,,I voted,Kamala Harris
e3d01efe-8b84-42bd-80f6-c333c7e16940,0.951226226,Female,30-49,4-year or bachelor degree,"$15,000 to under $50,000",South,Non-metro,White,Yes,Republican,,I did not vote,
f84288db-d41e-4079-9eb1-da28da6d1c5e,0.867762849,Female,65+,2-year or associate degree,"$50,000 to under $75,000",Northeast,Metropolitan,White,Yes,Independent,Neither,I voted,Kamala Harris
b30c5502-bc13-46f6-a486-8e1f8e666e7a,0.989842945,Male,65+,4-year or bachelor degree,"$150,000 to under $200,000",South,Metropolitan,White,No,Republican,,I voted,Donald Trump
6158eb48-c3a3-45aa-be26-ef2b089712f4,1.092684565,Female,30-49,Post-graduate degree,"$150,000 to under $200,000",Midwest,Metropolitan,White,No,Other or none,Neither,I did not vote,
d69bee12-2b0e-4d54-b034-42f543802519,0.562903911,Female,30-49,Post-graduate degree,"$75,000 to under $100,000",Northeast,Metropolitan,White,No,Democrat,,I voted,Kamala Harris
b4d17afa-796d-47f7-bf41-833a18335f7d,0.608048234,Female,30-49,High school graduate or GED,"Less than $15,000",South,Metropolitan,White,Yes,Independent,Neither,I voted,Donald Trump
5e9b8688-62bc-4f3c-bedf-c14680bc0919,0.380297456,Female,,4-year or bachelor degree,"$15,000 to under $50,000",South,Metropolitan,White,No,Democrat,,I voted,Kamala Harris
90c2cdb0-684d-46d6-acff-5d17546cefab,0.714433019,Male,30-49,High school graduate or GED,"Less than $15,000",Northeast,Non-metro,White,No,Republican,,I voted,Donald Trump
29ef2a74-7aae-4f7e-b7ae-0e772eeb16b0,1.331535405,Male,30-49,Post-graduate degree,"$100,000 to under $150,000",South,Metropolitan,White,No,Democrat,,I did not vote,
1a57ed15-0ba2-41ac-85ac-b47fdbadad96,0.844527031,Female,65+,Post-graduate degree,"More than $200,000",Northeast,Metropolitan,White,No,Republican,,I voted,Donald Trump
c9352a3b-7255-4e0c-9fb3-2780c98375d5,2.269538215,Female,50-64,High school graduate or GED,"$50,000 to under $75,000",West,Metropolitan,White,Yes,Democrat,,I did not vote,
ddaaa663-c4a0-4f60-8fdd-b158e7f4047b,0.495155751,Male,65+,"Some college, no degree","$15,000 to under $50,000",South,Metropolitan,White,No,Democrat,,I voted,Kamala Harris
86bd4c3d-704c-474b-aec3-2d801970058a,1.034299477,Male,65+,"Some college, no degree","$50,000 to under $75,000",South,Non-metro,Mixed race,Yes,Other or none,Neither,I voted,Donald Trump
b99870d3-8518-4233-b1dc-8270d5c876dc,0.827127862,Male,50-64,Post-graduate degree,"$150,000 to under $200,000",West,Metropolitan,White,No,Republican,,I voted,Donald Trump
d0350067-b1ef-4189-9cdd-22006b8811cb,1.853676072,Female,18-29,High school graduate or GED,"$15,000 to under $50,000",West,Metropolitan,White,No,Other or none,Neither,I did not vote,
2310b196-0dae-4054-b129-4e8025289090,0.4224634,Female,65+,"Some college, no degree","$15,000 to under $50,000",Northeast,Metropolitan,White,No,Democrat,,I voted,Kamala Harris
130e2f0f-a8ec-4fff-8e17-f92dd6976b91,0.609549221,Female,30-49,High school graduate or GED,"$15,000 to under $50,000",Northeast,Metropolitan,White,No,Republican,,I voted,Donald Trump
37526ee4-ca25-4a9e-91fe-56c565d6168c,1.500000152,Male,18-29,4-year or bachelor degree,"$50,000 to under $75,000",South,Metropolitan,White,No,Republican,,I voted,Donald Trump
19f5d97f-34ce-43eb-9ef9-e1413fb0e4e2,0.989842945,Male,65+,Post-graduate degree,"More than $200,000",Northeast,Metropolitan,White,No,Republican,,I voted,Donald Trump
71f4596c-bae3-43e6-81ec-e4a6f0ea572e,1.059532099,Female,30-49,High school graduate or GED,"$50,000 to under $75,000",Northeast,Metropolitan,White,No,Republican,,I voted,Donald Trump
4946f149-a3cb-45f2-a5ee-08302974364d,0.845939016,Female,30-49,High school graduate or GED,"$50,000 to under $75,000",West,Metropolitan,White,No,Other or none,The Democratic Party,I voted,Kamala Harris
11d6195f-5af9-4c46-a977-3898d9bfbb06,0.982198878,Female,30-49,High school graduate or GED,"Less than $15,000",West,Non-metro,White,No,Other or none,Neither,I was not registered to vote,
e210aff4-7151-49ce-abf7-edde3aa95b61,0.739214838,Female,50-64,"Some college, no degree","$50,000 to under $75,000",Midwest,Metropolitan,White,No,Republican,,I voted,Donald Trump
77e3a967-4d35-4a0c-8f43-6c8c849adf6d,1.022151314,Female,50-64,High school graduate or GED,"Less than $15,000",West,Metropolitan,White,No,Other or none,Neither,I did not vote,
50ad185a-1f99-44a0-be46-1d516d814c97,0.686598359,Male,50-64,Post-graduate degree,"$50,000 to under $75,000",West,Metropolitan,White,No,Democrat,,I voted,Kamala Harris
cf2ff8f7-0786-453c-9134-548727883c5a,1.234812999,Male,65+,High school graduate or GED,"$75,000 to under $100,000",South,Non-metro,White,No,Independent,The Democratic Party,I voted,Kamala Harris
53b9920f-0a90-4466-8515-5856636366d1,0.782886618,Female,65+,4-year or bachelor degree,"$15,000 to under $50,000",Midwest,Metropolitan,White,No,Other or none,Neither,I was not registered to vote,
b2f2fb89-f0c4-40ab-b03e-76d7b9e267c0,0.724430666,Female,30-49,2-year or associate degree,"More than $200,000",Northeast,Metropolitan,Some other race,Yes,Democrat,,I voted,Kamala Harris
324f1940-141d-4390-9173-53565da946bf,0.67232681,Female,30-49,"Some college, no degree","$50,000 to under $75,000",West,Metropolitan,Mixed race,No,Independent,The Republican Party,I voted,Donald Trump
d9692680-8928-45d0-9c9c-bea69f15bbed,0.667952262,Female,50-64,4-year or bachelor degree,"More than $200,000",South,Metropolitan,Some other race,No,Independent,The Republican Party,I voted,Donald Trump
4f090981-43f5-4869-aff5-b65feff62567,1.254632128,Female,30-49,High school graduate or GED,"$15,000 to under $50,000",Midwest,Metropolitan,Mixed race,Yes,Democrat,,I did not vote,
f1175aaf-c1a3-4423-b14e-1b931de09a85,0.678116256,Female,30-49,4-year or bachelor degree,"$50,000 to under $75,000",South,Metropolitan,White,No,Republican,,I voted,Donald Trump
001558ab-70b0-435f-b88f-df83c820ddaf,1.456556651,Male,18-29,"Some college, no degree","$15,000 to under $50,000",Midwest,Metropolitan,White,No,Other or none,Neither,I did not vote,
26289b25-8b34-4bef-bb97-eef9d9977d77,0.686598359,Male,50-64,Post-graduate degree,"$150,000 to under $200,000",Midwest,Metropolitan,White,No,Democrat,,I voted,Kamala Harris
7690916f-9840-40d5-be8e-fc9bb757e1f9,2.653944149,Female,18-29,"Some college, no degree","$50,000 to under $75,000",West,Metropolitan,Native American or American Indian,Yes,Other or none,Neither,I did not vote,
408f812d-f58e-4d34-a596-8179f30d6e11,0.682901525,Female,50-64,Post-graduate degree,"$75,000 to under $100,000",South,Metropolitan,Mixed race,No,Democrat,,I voted,Kamala Harris
b99903e0-13a0-4b91-9fdc-08f644c3cbcd,0.339218626,Female,30-49,"Some college, no degree","$15,000 to under $50,000",West,Non-metro,White,No,Democrat,,I voted,Kamala Harris
c2eede8b-243a-459c-85f6-e8c040d8fb21,2.188280934,Female,50-64,High school graduate or GED,"$50,000 to under $75,000",South,Metropolitan,White,No,Republican,,I did not vote,
72f70799-bc29-463a-b01e-fc7269457c91,1.292357339,Male,50-64,High school graduate or GED,"$50,000 to under $75,000",Midwest,Metropolitan,White,No,Republican,,I voted,Donald Trump
e1616970-c283-408d-ae5e-c949fe79e551,1.112721253,Male,50-64,High school graduate or GED,"Less than $15,000",Northeast,Metropolitan,Black or African-American,No,Independent,The Democratic Party,I did not vote,
93cef9a3-fe49-4018-80f6-01267f2942e4,0.685695039,Female,65+,4-year or bachelor degree,"More than $200,000",South,Metropolitan,White,No,Independent,The Republican Party,I voted,Donald Trump
6fb70db1-5f2b-469f-aac9-3e3163b8fd79,0.759133541,Female,65+,Some high school or less,"Less than $15,000",West,Metropolitan,White,No,Republican,,I voted,Donald Trump
f49747d0-059a-4eb9-a849-e7bb64a32f4f,2.360557477,Male,18-29,High school graduate or GED,"$50,000 to under $75,000",Northeast,Metropolitan,Black or African-American,No,Democrat,,,
156ff0d2-17c3-430c-9c94-ab3e441b70e6,1.858557335,Male,30-49,High school graduate or GED,"$50,000 to under $75,000",Midwest,Metropolitan,Black or African-American,No,Other or none,Neither,I did not vote,
f0cf4383-122b-4e52-b58f-b2c5a5311f91,0.585800885,Female,50-64,4-year or bachelor degree,"$50,000 to under $75,000",Midwest,Metropolitan,White,No,Democrat,,I voted,Kamala Harris
d8d11d2b-43d7-414e-9f6f-10f359135e35,0.842163528,Male,65+,High school graduate or GED,"$15,000 to under $50,000",South,Metropolitan,Some other race,No,Independent,The Republican Party,I voted,Donald Trump
42602b7d-4fd0-4a62-95e1-7ee029b25f08,1.153414244,Male,30-49,High school graduate or GED,"$75,000 to under $100,000",South,Metropolitan,Black or African-American,No,Republican,,I voted,Donald Trump
ce134ad8-b5b5-4f3e-a877-8df93031d060,1.297570618,Female,65+,High school graduate or GED,"$75,000 to under $100,000",Northeast,Metropolitan,White,No,Republican,,I voted,Kamala Harris
4118597e-7722-4a66-9cb7-0f4fda557882,0.508931087,Female,65+,"Some college, no degree","$15,000 to under $50,000",West,Metropolitan,White,No,Republican,,I voted,Donald Trump
3acf8f39-c5ed-4e7b-881b-1bc30cf7c30d,0.989842945,Male,65+,Post-graduate degree,"$100,000 to under $150,000",South,Metropolitan,White,No,Republican,,I voted,Donald Trump
7c4e8c4f-8b1a-4b33-832d-cc85fca1fb00,0.585800885,Female,50-64,4-year or bachelor degree,"$50,000 to under $75,000",Midwest,Metropolitan,White,No,Democrat,,I voted,Kamala Harris
428b157d-de62-4beb-9d1e-9c849f4aa7e0,0.844527031,Female,65+,Post-graduate degree,"$100,000 to under $150,000",Northeast,Metropolitan,White,No,Republican,,I voted,Donald Trump
17f2e862-f511-4fa0-82ec-6f3303d57441,1.42061525,Female,,High school graduate or GED,"$15,000 to under $50,000",South,Metropolitan,White,No,Republican,,I was not registered to vote,
e60c669f-1367-4be0-8328-64c2bff43f3b,0.989216326,Male,50-64,"Some college, no degree","$15,000 to under $50,000",Midwest,Metropolitan,White,No,Republican,,I did not vote,
3edb4bb9-57c9-486a-ad9a-a07cc2c9ac38,0.794798233,Male,30-49,4-year or bachelor degree,"$50,000 to under $75,000",Northeast,Metropolitan,White,No,Republican,,I voted,Donald Trump
af3a4853-4434-4f42-b997-ebe9f36b084c,1.467046487,Female,50-64,2-year or associate degree,"$50,000 to under $75,000",West,Metropolitan,White,No,Republican,,I was not registered to vote,
06933ee3-183f-40ab-9122-043f92e360e8,0.478963388,Male,30-49,2-year or associate degree,"$15,000 to under $50,000",South,Metropolitan,White,No,Republican,,I voted,Donald Trump
e0f2562b-ea8e-4051-9351-2d250f775d98,0.948468826,Female,30-49,High school graduate or GED,"Less than $15,000",South,Metropolitan,Black or African-American,No,Democrat,,I did not vote,
1efc6f37-b80f-4781-a29b-5b2f796a5798,1.500000152,Male,18-29,4-year or bachelor degree,"$50,000 to under $75,000",South,Non-metro,White,No,Republican,,I voted,Donald Trump
46f77a21-70ef-490c-8133-78ad77bbeb6d,0.634573351,Male,30-49,Post-graduate degree,"More than $200,000",,,White,No,Independent,Neither,I voted,Kamala Harris
a9a17bd6-ba16-4622-a1a8-b1e0838448b7,0.860690809,Male,65+,"Some college, no degree","More than $200,000",Midwest,Metropolitan,White,No,Democrat,,I voted,Kamala Harris
4936a825-3772-4f94-88cf-aaed1ea80aa4,2.082443688,Male,50-64,High school graduate or GED,"$150,000 to under $200,000",Northeast,Metropolitan,White,No,Independent,Neither,I voted,Someone else
707570dc-8045-49bf-8034-c43e1418225b,2.057738839,Male,65+,"Some college, no degree","$150,000 to under $200,000",South,Non-metro,White,No,Republican,,I was not registered to vote,
03c219f9-1491-4782-a4ea-e6416b8fd090,0.508346671,Male,50-64,"Some college, no degree","$15,000 to under $50,000",West,Metropolitan,Some other race,Yes,Democrat,,I voted,Kamala Harris
8355be95-e51d-40a3-83d4-3ba263c33507,1.719477959,Male,50-64,"Some college, no degree","$75,000 to under $100,000",West,Metropolitan,White,No,Republican,,I voted,Someone else
4b7e04bb-b697-4dd4-b340-f838c5b6dd16,1.144578466,Female,30-49,"Some college, no degree","$50,000 to under $75,000",Midwest,Metropolitan,White,No,Independent,The Democratic Party,I did not vote,
140c01b4-9d53-4cbb-8ae9-1f975fd75a0d,0.407641913,Female,30-49,2-year or associate degree,"Less than $15,000",Midwest,Metropolitan,White,Yes,Other or none,The Republican Party,I voted,Donald Trump
0c2ddaa8-9550-4ca3-a3ea-d76f13c2f35b,0.915292675,Female,50-64,High school graduate or GED,"$50,000 to under $75,000",Midwest,Non-metro,White,No,Democrat,,I voted,Kamala Harris
6d16ff7b-1c96-4264-a2a2-8646b0a4a84f,1.319542911,Female,65+,High school graduate or GED,"$50,000 to under $75,000",Midwest,Non-metro,White,No,Republican,,I voted,Donald Trump
d29781e8-3b29-497f-bfbd-68e30f7f6d03,0.926541661,Male,30-49,Post-graduate degree,"$150,000 to under $200,000",South,Metropolitan,Asian or Asian-American,No,Republican,,I voted,Donald Trump
4823fa79-f48a-44ac-824e-2598965c3696,1.526815082,Female,18-29,2-year or associate degree,"Less than $15,000",West,Metropolitan,Some other race,Yes,Independent,Neither,I did not vote,
6fc52029-d8a3-4389-b8da-3f60b2a9d5dc,0.397587231,Male,30-49,"Some college, no degree","$15,000 to under $50,000",Midwest,Metropolitan,White,No,Democrat,,I voted,Kamala Harris
e6847b67-269e-4d4c-903a-10fa5c1c566c,0.607034114,Female,30-49,4-year or bachelor degree,"Less than $15,000",Midwest,Metropolitan,Black or African-American,No,Democrat,,I was not registered to vote,
8cc0755c-2274-47b7-8695-104f8653668e,0.646943639,Female,50-64,Some high school or less,"Less than $15,000",South,Metropolitan,Some other race,Yes,Democrat,,I voted,Kamala Harris
86da94c6-ac1a-4e9d-bab5-293234086ad8,1.572354123,Female,18-29,Post-graduate degree,"$50,000 to under $75,000",South,Metropolitan,White,Yes,Republican,,I voted,Donald Trump
4101ef21-f14f-4459-80d1-a6689414f4a8,0.710321431,Female,30-49,"Some college, no degree","$75,000 to under $100,000",Northeast,Metropolitan,White,No,Republican,,I voted,Donald Trump
ccc24050-76a0-4a1c-b23b-f72c03261412,1.670735526,Male,65+,2-year or associate degree,"$100,000 to under $150,000",Northeast,Metropolitan,White,No,Independent,Neither,I voted,Someone else
f5e203fd-86ee-4887-81a4-d976229dd3d3,1.707280073,Female,30-49,High school graduate or GED,"$50,000 to under $75,000",South,Metropolitan,White,No,Other or none,The Democratic Party,I did not vote,
0d5738e7-0c76-47c5-b0e7-afb94d4d1df0,0.703462361,Male,50-64,2-year or associate degree,"$50,000 to under $75,000",South,Metropolitan,White,No,Independent,The Republican Party,I voted,Donald Trump
947dce86-55b8-49c0-a851-2e13db566fe9,0.821668055,Male,65+,Post-graduate degree,"$100,000 to under $150,000",Midwest,Non-metro,White,No,Democrat,,I voted,Kamala Harris
422ddc6c-96cd-48f9-96f2-49c49cd2a59f,0.656209215,Female,30-49,Post-graduate degree,"$100,000 to under $150,000",Northeast,Metropolitan,Asian or Asian-American,No,Democrat,,I voted,Kamala Harris
5d06eb18-abe3-46e1-b3fd-8880e4f5debf,0.821668055,Male,65+,Post-graduate degree,"$50,000 to under $75,000",Midwest,Metropolitan,White,No,Democrat,,I voted,Kamala Harris
d7389d73-94a5-4351-926b-fee8b553a82b,1.802952621,Male,65+,High school graduate or GED,"$100,000 to under $150,000",West,Metropolitan,Asian or Asian-American,No,Republican,,I voted,Donald Trump
d6090d3a-b0e5-4709-91d1-f9a4a863dbd3,1.587794932,Male,50-64,High school graduate or GED,"$150,000 to under $200,000",West,Metropolitan,White,Yes,Republican,,I voted,Donald Trump
cb98dc8b-2684-4937-a82c-7d4f061feb16,0.794798233,Male,30-49,Post-graduate degree,"$100,000 to under $150,000",Northeast,Metropolitan,White,No,Republican,,I voted,Donald Trump
e9d2c60a-97fd-42be-94bb-9943ddfdde1b,1.65656212,Male,18-29,High school graduate or GED,"Less than $15,000",South,Metropolitan,White,Yes,Republican,,I voted,Donald Trump
ec3adb9e-429c-4304-8709-47f71b5bb1e6,1.790018304,Female,18-29,High school graduate or GED,"Less than $15,000",South,Metropolitan,Black or African-American,No,Democrat,,I did not vote,
4ae91073-df13-41ed-98e1-f65c4293c2b3,1.930429135,Male,18-29,"Some college, no degree","$100,000 to under $150,000",West,Metropolitan,Mixed race,Yes,Republican,,I voted,Donald Trump
1839c694-5ff3-4f4c-8f8d-508ea463ab8c,0.790298631,Male,65+,Post-graduate degree,"$100,000 to under $150,000",South,Metropolitan,White,No,Independent,Neither,I voted,Kamala Harris
f162565e-1705-4417-8bf8-62622aad2aab,0.634573351,Male,30-49,Post-graduate degree,"$100,000 to under $150,000",South,Metropolitan,White,No,Independent,The Democratic Party,I voted,Kamala Harris
2f647890-5d3a-49f3-9ac2-e26f3b07cac9,2.097570513,Female,30-49,High school graduate or GED,"More than $200,000",South,Metropolitan,Mixed race,Yes,Independent,Neither,I did not vote,
fc98443c-ffb1-49f1-a3d0-edc438e98ced,0.733929223,Male,18-29,"Some college, no degree","Less than $15,000",South,Metropolitan,White,No,Independent,Neither,I voted,Donald Trump
8e2c2572-1f98-4e27-bfe8-96a30ccdc562,0.759133541,Female,65+,High school graduate or GED,"$15,000 to under $50,000",South,Metropolitan,White,No,Republican,,I voted,Donald Trump
a67fc023-2f53-4512-9aca-da5ab43d79d6,0.478963388,Male,30-49,"Some college, no degree","Less than $15,000",South,Non-metro,White,No,Republican,,I voted,Donald Trump
adb201e4-5a0c-4408-adf3-0117d5cbff8c,0.894410202,Female,30-49,High school graduate or GED,"$50,000 to under $75,000",South,Metropolitan,White,No,Democrat,,I voted,Donald Trump
f5f6fbc2-62c4-4442-ae78-60cf8786e6c3,1.296679129,Male,50-64,"Some college, no degree","$50,000 to under $75,000",South,Metropolitan,Black or African-American,No,Other or none,Neither,I did not vote,
0e8090af-848f-4bed-871e-90190f2cdb71,0.886934925,Female,18-29,High school graduate or GED,"Less than $15,000",West,Metropolitan,Black or African-American,No,Democrat,,I voted,Kamala Harris
720cc7d6-071f-43c7-8f89-0853c40407ea,0.674277227,Female,65+,Post-graduate degree,"$50,000 to under $75,000",Midwest,Metropolitan,White,No,Independent,The Democratic Party,I voted,Kamala Harris
1df9512c-c0c0-46b7-9b1f-94cf1ed2bdf9,0.641883513,Male,30-49,"Some college, no degree","$50,000 to under $75,000",Midwest,Metropolitan,Black or African-American,No,Democrat,,I voted,Kamala Harris
ad62971d-37d1-4b05-b88e-5b5673f119b7,0.989842945,Male,65+,Post-graduate degree,"$75,000 to under $100,000",West,Metropolitan,White,No,Republican,,I voted,Donald Trump
4b534bd1-c2e3-413c-bfe2-e325481a822c,2.269538215,Female,50-64,High school graduate or GED,"$50,000 to under $75,000",Northeast,Metropolitan,White,Yes,Democrat,,I was not registered to vote,
d448ba48-0c32-4f45-bee2-8610815cbf69,1.721679462,Female,18-29,High school graduate or GED,"Less than $15,000",South,Metropolitan,Black or African-American,No,Independent,Neither,I did not vote,
0b074ea9-d4b0-481c-8f8c-056f8504d509,0.809006537,Female,30-49,2-year or associate degree,"$15,000 to under $50,000",West,Metropolitan,Some other race,Yes,Independent,Neither,I did not vote,
872ee532-7224-453b-a76a-18535921c956,0.634573351,Male,30-49,4-year or bachelor degree,"$75,000 to under $100,000",South,Metropolitan,White,No,Other or none,The Democratic Party,I voted,Kamala Harris
8789e4e1-9ad7-4e06-8c34-cc3db06e9afc,1.266510411,Male,30-49,High school graduate or GED,"$50,000 to under $75,000",West,Metropolitan,Some other race,Yes,Democrat,,I voted,Kamala Harris
bb645c8b-08cf-4f73-bdb4-18433c03150d,2.160935992,Female,18-29,High school graduate or GED,"Less than $15,000",Northeast,Metropolitan,Asian or Asian-American,No,Other or none,The Democratic Party,I was not registered to vote,
9a751269-f1c6-4c3d-a837-f8f16d0e7a5c,2.277433171,Female,18-29,High school graduate or GED,"$15,000 to under $50,000",West,Metropolitan,White,Yes,Other or none,The Republican Party,I did not vote,
160944ee-ff95-4478-a632-229b93461015,1.806965378,Male,18-29,High school graduate or GED,"More than $200,000",Midwest,Metropolitan,Black or African-American,No,Democrat,,I voted,Kamala Harris
4a6a7af2-863e-4746-987b-a287c547ff6c,0.696773545,Female,30-49,"Some college, no degree","$50,000 to under $75,000",West,Metropolitan,Native American or American Indian,Yes,Independent,Neither,I voted,Kamala Harris
649a4a6c-5654-4754-865b-94a305650465,0.674277227,Female,65+,Post-graduate degree,"$75,000 to under $100,000",Northeast,Metropolitan,White,No,Independent,The Republican Party,I voted,Kamala Harris
d8898493-26d5-4f3f-8ff7-18c125ffc282,0.964230155,Male,50-64,Post-graduate degree,"More than $200,000",West,Metropolitan,Asian or Asian-American,No,Republican,,I voted,Donald Trump
504db7b4-3acf-49aa-8346-f9c7b9f10e0a,1.014876656,Female,30-49,4-year or bachelor degree,"$75,000 to under $100,000",South,Metropolitan,Black or African-American,No,Other or none,Neither,I did not vote,
042d20b3-8799-4eac-84e4-e69a61ea2cb3,0.790298631,Male,65+,Post-graduate degree,"$75,000 to under $100,000",Midwest,Non-metro,White,No,Independent,The Democratic Party,I voted,Kamala Harris
2e73d960-2afe-4268-80f5-8fd5148533ff,0.794798233,Male,30-49,4-year or bachelor degree,"$50,000 to under $75,000",Midwest,Metropolitan,White,No,Republican,,I voted,Donald Trump
c47629d5-c4e1-4a81-a265-cc72b9daa978,0.395000298,Male,50-64,Post-graduate degree,"Less than $15,000",South,Metropolitan,White,No,Democrat,,I voted,Kamala Harris
7c30e650-e5a0-439e-8b89-e4be4e8b3874,0.541413515,Female,30-49,4-year or bachelor degree,"$50,000 to under $75,000",South,Metropolitan,White,No,Independent,The Republican Party,I voted,Kamala Harris
c9ed8980-d055-4d95-b2a2-4d29e99e5335,1.582542489,Male,18-29,"Some college, no degree","$75,000 to under $100,000",South,Metropolitan,Black or African-American,No,Democrat,,,
e37d9fa8-275f-4485-b904-940cde75a221,0.799402717,Male,65+,2-year or associate degree,"$75,000 to under $100,000",South,Metropolitan,Black or African-American,No,Democrat,,I voted,Kamala Harris
eae05f8e-c829-4eb5-b0d7-9035a6804314,0.738202221,Male,30-49,4-year or bachelor degree,"$100,000 to under $150,000",Midwest,Metropolitan,Black or African-American,No,Republican,,I voted,Donald Trump
ae8a45e5-4444-4c33-9be2-8822961bff34,0.613360837,Male,50-64,4-year or bachelor degree,"$100,000 to under $150,000",Northeast,Metropolitan,Black or African-American,No,Other or none,Neither,I voted,Kamala Harris
e8d04132-85ab-47cb-8401-a3f2d96797e2,1.462051066,Female,30-49,2-year or associate degree,"$75,000 to under $100,000",Northeast,Metropolitan,Mixed race,Yes,Democrat,,I did not vote,
e5627c58-c857-4e92-84d0-da599981cf06,0.585800885,Female,50-64,Post-graduate degree,"$75,000 to under $100,000",West,Metropolitan,White,No,Democrat,,I voted,Kamala Harris
add1872b-c19c-4fbc-afd3-f9d6026d646c,2.277433171,Female,18-29,High school graduate or GED,"Less than $15,000",West,Metropolitan,Some other race,Yes,Other or none,Neither,I did not vote,
8b7a420b-3417-472e-9d3e-9f08aa6c2b3d,2.451021546,Other,18-29,High school graduate or GED,"Less than $15,000",Northeast,Metropolitan,Mixed race,Yes,Independent,Neither,I voted,Someone else
097fa6ca-789f-4d0c-9b1b-ab9b5d88aebe,1.099915005,Female,50-64,High school graduate or GED,"$75,000 to under $100,000",Midwest,Non-metro,White,Yes,Independent,The Republican Party,I voted,Donald Trump
21910e10-4420-40a3-979f-e47b34a679b1,1.070321541,Female,18-29,"Some college, no degree","$50,000 to under $75,000",South,Metropolitan,White,No,Independent,The Democratic Party,I voted,Kamala Harris
f2a59712-6816-4b4c-8ff2-37a8c62f3d7a,1.279789568,Female,18-29,4-year or bachelor degree,"$75,000 to under $100,000",West,Non-metro,White,No,Republican,,I voted,Donald Trump
933977d7-7ea3-4cf6-9288-da42fea9c20b,0.485856724,Female,65+,4-year or bachelor degree,"$15,000 to under $50,000",Midwest,Metropolitan,White,No,Republican,,I voted,Donald Trump
2fb6e7ad-aa4c-401e-b24c-3613fd7d7628,0.678116256,Female,30-49,4-year or bachelor degree,"More than $200,000",Midwest,Metropolitan,White,No,Republican,,I voted,Donald Trump
a18ecdc6-fa39-4751-a7b8-ee0cd8e844e0,1.419766141,Male,18-29,4-year or bachelor degree,"$100,000 to under $150,000",Midwest,Metropolitan,Asian or Asian-American,No,Independent,The Republican Party,I voted,Donald Trump
d7dfd810-12ce-47ea-9aac-ccd053f570ed,0.659761552,Male,30-49,4-year or bachelor degree,"$100,000 to under $150,000",West,Metropolitan,White,No,Democrat,,I voted,Kamala Harris
c0bcdb79-e8de-4aad-8080-5759d87fd8ae,0.541413515,Female,30-49,4-year or bachelor degree,"$100,000 to under $150,000",South,Metropolitan,White,No,Independent,The Democratic Party,I voted,Kamala Harris
eb2c458f-f7e9-42fd-a91d-31f5737dd1c5,0.653370197,Male,50-64,"Some college, no degree","$100,000 to under $150,000",West,Metropolitan,Black or African-American,No,Independent,The Republican Party,I voted,Donald Trump
ba61dcc3-ab08-4c3d-b7cb-851d50ed04b6,0.962039295,Female,30-49,High school graduate or GED,"$15,000 to under $50,000",South,Non-metro,Mixed race,Yes,Republican,,,
e797b7a9-e08d-414b-82c1-5e9dbef6ab6d,0.827127862,Male,50-64,4-year or bachelor degree,"$50,000 to under $75,000",Midwest,Metropolitan,White,No,Republican,,I voted,Donald Trump
67627e2c-b05a-437d-8994-977ac71b8a2c,1.417864465,Male,30-49,High school graduate or GED,"$15,000 to under $50,000",Northeast,Metropolitan,White,No,Republican,,I did not vote,
d55e6a49-f9c1-4d6a-9aac-a423148d548d,0.989842945,Male,65+,4-year or bachelor degree,"$50,000 to under $75,000",West,Metropolitan,White,No,Republican,,I voted,Donald Trump
e96dd9af-9d55-408a-988a-4ebbeecf40cf,1.209711978,Female,30-49,High school graduate or GED,"$15,000 to under $50,000",West,Metropolitan,White,No,Republican,,I did not vote,
0c3c0ee3-a94c-42f7-9fce-0f41bdeb96f2,0.414053523,Female,50-64,4-year or bachelor degree,"$15,000 to under $50,000",Northeast,Metropolitan,White,Yes,Democrat,,I voted,Kamala Harris
f5a47a1b-a6dd-4034-ae2f-610d0e214ad5,0.596501743,Male,65+,"Some college, no degree","$15,000 to under $50,000",West,Non-metro,White,No,Republican,,I voted,Donald Trump
3bcb9394-01be-44dd-841b-a92878bc5eb8,0.652510429,Male,30-49,High school graduate or GED,"$15,000 to under $50,000",Midwest,Metropolitan,Black or African-American,No,Republican,,I voted,Kamala Harris
7084b3f9-a208-4ea6-b953-b7d0cc55a123,1.737979536,Male,18-29,High school graduate or GED,"$150,000 to under $200,000",South,Metropolitan,Black or African-American,No,Other or none,The Democratic Party,I voted,Kamala Harris
e010745a-0ef4-4e8a-a866-2d898dafdb98,0.685260961,Female,50-64,"Some college, no degree","$15,000 to under $50,000",West,Metropolitan,White,No,Other or none,Neither,I did not vote,
8f5f6013-e59e-4e68-a692-597e8a56eb02,1.062352579,Female,18-29,4-year or bachelor degree,"$75,000 to under $100,000",Northeast,Metropolitan,White,No,Democrat,,I voted,Kamala Harris
7bc30cf5-27e6-4c7b-a7e3-727c44ad2d24,2.062192574,Female,18-29,Post-graduate degree,"$100,000 to under $150,000",West,Metropolitan,White,No,Other or none,The Republican Party,I voted,Someone else
9fb0d1fc-7e1d-4637-a522-9c6deab7e909,1.258918857,Female,50-64,High school graduate or GED,"$15,000 to under $50,000",South,Metropolitan,White,No,Republican,,I did not vote,
97fcb49a-1cde-4e66-b49f-aeec4e2dc53f,0.486669039,Female,30-49,High school graduate or GED,"Less than $15,000",West,Metropolitan,White,No,Other or none,The Democratic Party,I voted,Kamala Harris
d37d0112-4cfe-4c23-a71e-67bc00c86560,1.934156987,Male,50-64,High school graduate or GED,"$150,000 to under $200,000",Northeast,Metropolitan,Black or African-American,No,Independent,The Republican Party,I did not vote,
78be923f-39b4-41b6-befa-179bcc18be09,2.992661775,Female,18-29,Some high school or less,"$150,000 to under $200,000",South,Metropolitan,Black or African-American,No,Independent,Neither,I was not registered to vote,
e90a713f-6ff5-4ef9-a143-c9d8499eb2fc,0.957865346,Male,65+,4-year or bachelor degree,"More than $200,000",West,Metropolitan,Asian or Asian-American,No,Democrat,,I voted,Kamala Harris
03e080d3-01c7-4a9d-8cc7-c42f6cb35754,0.392380616,Female,65+,"Some college, no degree","$15,000 to under $50,000",South,Metropolitan,Black or African-American,No,Democrat,,I voted,Kamala Harris
b441758a-e98f-4278-b1af-c491ba33577a,0.425270579,Female,50-64,2-year or associate degree,"Less than $15,000",South,Metropolitan,White,No,Republican,,I voted,Donald Trump
fb78457d-f5cc-461a-ad42-e53dddd49d20,0.759133541,Female,65+,High school graduate or GED,"$15,000 to under $50,000",West,Metropolitan,White,No,Republican,,I voted,Donald Trump
1ede0277-ebac-48cc-9590-a815e3240e4b,0.634573351,Male,30-49,Post-graduate degree,"$100,000 to under $150,000",West,Metropolitan,White,No,Independent,The Democratic Party,I voted,Kamala Harris
a560d369-868c-48af-87fd-65535c1a552d,0.686598359,Male,50-64,4-year or bachelor degree,"More than $200,000",Midwest,Metropolitan,White,No,Democrat,,I voted,Kamala Harris
a430fa73-c904-486f-a16b-e98bac499e00,1.530329321,Male,50-64,Some high school or less,"Less than $15,000",West,Metropolitan,Some other race,Yes,Democrat,,I did not vote,
d63f57db-ea56-42fd-9e9d-3d15471b2e9e,0.37954916,Female,30-49,2-year or associate degree,"$15,000 to under $50,000",Midwest,Metropolitan,Black or African-American,No,Republican,,I voted,Donald Trump
0f233459-b1c2-4cd2-aba5-13bcecb99d6b,1.34667164,Male,30-49,High school graduate or GED,"$50,000 to under $75,000",West,Metropolitan,White,No,Democrat,,,
1a5616f2-8d01-47b8-ac61-5ebc69363e9c,0.830494778,Male,30-49,"Some college, no degree","$75,000 to under $100,000",Northeast,Metropolitan,White,Yes,Independent,The Republican Party,I voted,Donald Trump
ab0b9e2a-bcb4-4e9a-b59c-ef05abe6bb1f,0.53548482,Female,50-64,High school graduate or GED,"Less than $15,000",Midwest,Metropolitan,White,No,Democrat,,I voted,Donald Trump
7e36345d-795d-4337-bf67-2ab6555f90b7,1.062352579,Female,18-29,Post-graduate degree,"$75,000 to under $100,000",West,Metropolitan,White,No,Democrat,,I voted,Kamala Harris
0a588e7b-8af1-4ff1-933f-6d593f31ded8,0.884635406,Female,65+,"Some college, no degree","$50,000 to under $75,000",West,Metropolitan,White,No,Republican,,I voted,Donald Trump
98e0cba9-4d22-4eab-8a1f-9b53f9cc3eed,2.527850853,Female,18-29,High school graduate or GED,"$75,000 to under $100,000",Midwest,Metropolitan,Asian or Asian-American,No,Democrat,,I was too young to vote,
1c306ee1-29eb-44f9-b113-b1726804f1bd,0.315063538,Female,30-49,"Some college, no degree","$15,000 to under $50,000",Northeast,Metropolitan,Black or African-American,No,Democrat,,I voted,Kamala Harris
97044601-94de-4ed8-a6a7-717d57bdd797,0.701041399,Female,65+,4-year or bachelor degree,"$100,000 to under $150,000",West,Metropolitan,White,No,Democrat,,I voted,Kamala Harris
8b582d7c-ca6a-40a5-942a-3b6a0cf5f0a0,1.021794365,Female,18-29,Post-graduate degree,"$50,000 to under $75,000",South,Metropolitan,White,No,Other or none,The Democratic Party,I voted,Kamala Harris
9d68c067-3298-462b-8ddd-c2fbea1c3850,1.059532099,Female,30-49,High school graduate or GED,"$150,000 to under $200,000",Midwest,Metropolitan,White,No,Republican,,I voted,Donald Trump
a98b048f-f4e3-48c7-b50d-1572359bad10,0.912258436,Female,30-49,Some high school or less,"Less than $15,000",Midwest,Metropolitan,Black or African-American,No,Other or none,Neither,I voted,Someone else
35716600-f2e3-4596-9a56-fbf64c55c0f8,0.617173665,Male,50-64,High school graduate or GED,"$15,000 to under $50,000",Midwest,Metropolitan,White,No,Democrat,,I voted,Kamala Harris
0a53dce0-5654-44ac-ac83-8623e91d9130,0.982198878,Female,30-49,High school graduate or GED,"Less than $15,000",Midwest,Non-metro,White,No,Independent,Neither,I did not vote,
4e670d01-2307-4c91-a227-375e3ede6dc7,0.315063538,Female,30-49,"Some college, no degree","$15,000 to under $50,000",South,Metropolitan,Black or African-American,No,Democrat,,I voted,Kamala Harris
26470705-71e7-494e-bd88-5647f332de62,0.728623923,Male,30-49,High school graduate or GED,"$15,000 to under $50,000",South,Metropolitan,White,Yes,Democrat,,I voted,Kamala Harris
867918e9-4908-40d6-9994-101d50bccde2,1.462051066,Female,30-49,2-year or associate degree,"$75,000 to under $100,000",Midwest,Metropolitan,White,Yes,Democrat,,I did not vote,
2f7d8a45-5d67-4a12-abd1-fae28c5a5353,0.821668055,Male,65+,Post-graduate degree,"$150,000 to under $200,000",West,Metropolitan,White,No,Democrat,,I voted,Kamala Harris
e33e2d15-079e-42a0-94e2-068e3c9b5923,0.949365939,Female,50-64,High school graduate or GED,"$15,000 to under $50,000",Midwest,Metropolitan,Black or African-American,No,Other or none,The Democratic Party,I did not vote,
1135cd82-01fa-4a75-be16-285c9b24348b,1.209711978,Female,30-49,High school graduate or GED,"$15,000 to under $50,000",West,Metropolitan,White,No,Republican,,I did not vote,
a57538c6-b94e-4b25-be83-8281df6c07fa,0.685260961,Female,50-64,"Some college, no degree","Less than $15,000",West,Metropolitan,White,No,Independent,Neither,I did not vote,
a0d84b36-0784-4b1c-9939-44da0187c664,0.691585794,Female,30-49,4-year or bachelor degree,"$150,000 to under $200,000",Midwest,Metropolitan,Mixed race,Yes,Democrat,,I voted,Kamala Harris
b8f23029-d6f4-417c-bf57-5e4c523e7d4c,1.715243822,Male,50-64,2-year or associate degree,"$50,000 to under $75,000",West,Metropolitan,Mixed race,Yes,Independent,Neither,I did not vote,
81e0a6a7-09f0-469b-bbd5-a0f09dd638b9,0.701041399,Female,65+,Post-graduate degree,"$150,000 to under $200,000",South,Metropolitan,White,No,Democrat,,I voted,Kamala Harris
24ee8c97-66ca-46d9-9341-e74315746dd4,2.004493592,Male,50-64,"Some college, no degree","$50,000 to under $75,000",South,Metropolitan,Native American or American Indian,No,Republican,,I was not registered to vote,
527440a2-b05b-4516-9349-43845c1211d7,0.982198878,Female,30-49,High school graduate or GED,"$15,000 to under $50,000",South,Metropolitan,White,No,Other or none,The Republican Party,I did not vote,
f9de7b7a-60c0-42ec-be17-29c60140496c,0.634573351,Male,30-49,Post-graduate degree,"$150,000 to under $200,000",South,Metropolitan,White,No,Independent,The Democratic Party,I voted,Kamala Harris
1da60d79-19b4-4aaf-81a7-e9fbae6a6ed0,1.659887443,Female,18-29,High school graduate or GED,"$150,000 to under $200,000",West,Metropolitan,White,No,Democrat,,I voted,Kamala Harris
907cf934-1644-4342-a8ef-0e3f212559de,1.233471314,Female,18-29,4-year or bachelor degree,"$15,000 to under $50,000",South,Metropolitan,White,No,Democrat,,I did not vote,
f02ba08c-1dc2-4c0a-bce5-2871615eba51,0.982198878,Female,30-49,High school graduate or GED,"$15,000 to under $50,000",South,Non-metro,White,No,Other or none,Neither,I did not vote,
37ecdc12-31ed-4ead-8621-b6aa7e0f170c,0.469956159,Female,30-49,High school graduate or GED,"Less than $15,000",Midwest,Metropolitan,Black or African-American,No,Democrat,,I voted,Kamala Harris
41d2b355-dc15-416a-8e66-5219204e52ce,1.009504364,Male,65+,4-year or bachelor degree,"$50,000 to under $75,000",West,Metropolitan,White,Yes,Democrat,,I voted,Kamala Harris
bee04201-f17a-41c4-bd11-49fa259a3e5e,1.127575286,Male,30-49,High school graduate or GED,"$15,000 to under $50,000",South,Non-metro,White,Yes,Republican,,,
ef3370df-1f7c-4989-a3e3-6a1fca7039c9,1.490619311,Male,65+,High school graduate or GED,"$15,000 to under $50,000",Northeast,Metropolitan,White,No,Democrat,,I did not vote,
48f93224-6684-4c0e-aae6-c144cf918616,1.437927909,Female,18-29,4-year or bachelor degree,"Less than $15,000",West,Metropolitan,Asian or Asian-American,No,Democrat,,I did not vote,
a936d027-1aea-4cc7-8c44-d1edaeac2230,0.844527031,Female,65+,Post-graduate degree,"$100,000 to under $150,000",South,Metropolitan,White,No,Republican,,I voted,Donald Trump
1727adaf-cc55-43cc-8e2a-b04d19c10836,1.022151314,Female,50-64,High school graduate or GED,"$15,000 to under $50,000",South,Metropolitan,White,No,Independent,Neither,I was not registered to vote,
da8aa5a0-2d24-4831-8af3-7f8617b81dcc,2.66148762,Female,18-29,High school graduate or GED,"$15,000 to under $50,000",Northeast,Metropolitan,Asian or Asian-American,No,Republican,,I voted,Someone else
0be34544-69fd-45e5-8dac-23b1ff535594,0.691585794,Female,30-49,4-year or bachelor degree,"$75,000 to under $100,000",Northeast,Metropolitan,White,Yes,Democrat,,I voted,Kamala Harris
cd909bea-a81b-48e2-baea-629c54ae4fac,0.691748698,Male,50-64,"Some college, no degree","$50,000 to under $75,000",West,Metropolitan,White,No,Independent,The Democratic Party,I voted,Kamala Harris
80cc98b1-67d4-4e58-ba86-39129c5df746,0.671568169,Male,50-64,4-year or bachelor degree,"$100,000 to under $150,000",Northeast,Metropolitan,White,No,Independent,The Republican Party,I voted,Donald Trump
c44cfd49-fee6-4398-a17e-0aab46c85b38,0.989842945,Male,65+,Post-graduate degree,"$50,000 to under $75,000",Northeast,Non-metro,White,No,Republican,,I voted,Donald Trump
3d4570eb-29a5-4429-bc10-3254ec2cdf84,1.360831043,Female,65+,4-year or bachelor degree,"$50,000 to under $75,000",West,Metropolitan,White,No,Independent,The Democratic Party,I voted,Someone else
1e1ae95f-9f43-41d6-a0e5-8da665740085,1.153414244,Male,30-49,High school graduate or GED,"$50,000 to under $75,000",Midwest,Non-metro,Black or African-American,No,Republican,,I voted,Donald Trump
a7575492-7681-4aa5-8421-b9c8b02b2ffe,1.331535405,Male,30-49,Post-graduate degree,"$75,000 to under $100,000",South,Metropolitan,White,No,Democrat,,I voted,Someone else
b5965099-cd71-424e-a762-ef799ae02e28,0.82898482,Male,30-49,4-year or bachelor degree,"$75,000 to under $100,000",Midwest,Metropolitan,White,No,Independent,Neither,,
deabfab2-2f64-471f-ba8f-d20714135092,0.526568225,Female,50-64,High school graduate or GED,"$15,000 to under $50,000",Northeast,Metropolitan,White,No,Democrat,,I voted,Kamala Harris
32e76481-2084-45b1-82b5-cbb2d6156bde,1.241843463,Male,30-49,High school graduate or GED,"$50,000 to under $75,000",South,Non-metro,White,No,Republican,,I voted,Donald Trump
ad22093e-fff6-40a7-8ace-bcbf7529076f,1,,,,,,,,,,,,
c3edba03-16bf-4db7-9ef4-1526443f40a2,2.618142094,Female,18-29,"Some college, no degree","$50,000 to under $75,000",South,Metropolitan,Mixed race,No,Democrat,,I voted,Someone else
a1a3f794-1bb1-44c3-9093-f6b6223b257e,0.600189134,Female,50-64,"Some college, no degree","$75,000 to under $100,000",South,Metropolitan,White,No,Independent,The Republican Party,I voted,Donald Trump
d039a9c3-166c-4c00-81b1-ca6d290737be,1.417864465,Male,30-49,High school graduate or GED,"$15,000 to under $50,000",West,Metropolitan,White,No,Republican,,I did not vote,
f7311670-5178-4a41-a6d6-1a0de89c6e37,1.621006205,Male,18-29,4-year or bachelor degree,"Less than $15,000",Midwest,Metropolitan,Asian or Asian-American,No,Independent,Neither,I did not vote,
e557c66b-87ea-480f-b7a5-ccb25f1e8ed0,2.444505122,Male,18-29,High school graduate or GED,"$75,000 to under $100,000",West,Metropolitan,White,No,Other or none,The Democratic Party,I was too young to vote,
9ef43a44-415b-48d8-bccb-bf17b086768f,0.85307376,Female,18-29,High school graduate or GED,"Less than $15,000",South,Metropolitan,Black or African-American,No,Independent,The Democratic Party,I voted,Kamala Harris
2887117e-af9c-45e9-9a9a-2af6d58e4867,2.556080219,Male,30-49,High school graduate or GED,"$50,000 to under $75,000",West,Metropolitan,Some other race,Yes,Democrat,,I did not vote,
4083ca67-d360-450f-ab3c-01686def50e0,0.498445954,Male,50-64,"Some college, no degree","$15,000 to under $50,000",West,Non-metro,White,No,Republican,,I voted,Donald Trump
7d8e83d1-b8bd-445f-928a-0376d900b648,0.613621808,Female,50-64,"Some college, no degree","$50,000 to under $75,000",Northeast,Metropolitan,White,No,Democrat,,I voted,Kamala Harris
a70d5f55-efc7-4e27-bf86-d72f21217757,1.245149257,Male,18-29,4-year or bachelor degree,"$150,000 to under $200,000",West,Metropolitan,White,No,Democrat,,I voted,Kamala Harris
57c73a3f-89f4-49cb-8a82-2a6437455f9c,0.739214838,Female,50-64,2-year or associate degree,"More than $200,000",South,Metropolitan,White,No,Republican,,I voted,Donald Trump
2017416e-e9d2-4bed-9240-dede1369d43e,1.190010364,Female,30-49,"Some college, no degree","$75,000 to under $100,000",Northeast,Non-metro,White,No,Democrat,,I was not registered to vote,
ef55d386-efb8-4609-88d8-53bb803bfb60,0.989842945,Male,65+,Post-graduate degree,"$100,000 to under $150,000",South,Metropolitan,White,No,Republican,,I voted,Donald Trump
0182824b-45bc-454f-8e0f-b25fc9d33ae2,1.283826588,Male,65+,High school graduate or GED,"$50,000 to under $75,000",Northeast,Metropolitan,White,No,Democrat,,I voted,Kamala Harris
d7c9517c-cb50-442e-a1f9-142b6fe37d16,1.395763314,Female,30-49,4-year or bachelor degree,"$75,000 to under $100,000",Northeast,Metropolitan,Mixed race,Yes,Democrat,,I was not registered to vote,
ac17b01a-8292-45db-b5c1-64c9823af2e4,1.546593766,Male,65+,High school graduate or GED,"$50,000 to under $75,000",Midwest,Non-metro,White,No,Republican,,I voted,Donald Trump
dd972c18-4f41-4b8e-899a-b98906414266,2.062192574,Female,18-29,4-year or bachelor degree,"$75,000 to under $100,000",Midwest,Metropolitan,White,No,Independent,Neither,I voted,Someone else
e8d310f9-0940-42eb-8148-d54c66402444,0.603663237,Male,50-64,High school graduate or GED,"$15,000 to under $50,000",Midwest,Non-metro,White,No,Independent,Neither,I voted,Donald Trump
37b8dd35-7f62-4523-998b-c428d6a5e4e5,0.478963388,Male,30-49,2-year or associate degree,"$15,000 to under $50,000",Northeast,Metropolitan,White,No,Republican,,I voted,Donald Trump
284aba12-a8d9-45ca-b388-700a1f4b9597,0.739214838,Female,50-64,2-year or associate degree,"$50,000 to under $75,000",South,Non-metro,White,No,Republican,,I voted,Donald Trump
7e5fadbb-b9fd-4992-b571-0036fe817051,1.191135939,Female,50-64,2-year or associate degree,"$50,000 to under $75,000",South,Metropolitan,White,No,Independent,The Democratic Party,I voted,Someone else
17c72c30-2f01-4f93-9334-cc51ed7f7759,0.982198878,Female,30-49,High school graduate or GED,"$15,000 to under $50,000",West,Metropolitan,White,No,Independent,Neither,I did not vote,
f6851f8b-e266-4c8c-9b19-ba855cc5b663,0.511375672,Female,30-49,4-year or bachelor degree,"$50,000 to under $75,000",South,Metropolitan,Black or African-American,No,Independent,The Republican Party,I voted,Donald Trump
5bd0fb3e-c9b5-4e7f-9345-1e3b84feeced,0.617377855,Male,30-49,"Some college, no degree","$75,000 to under $100,000",West,Metropolitan,Black or African-American,No,Independent,The Democratic Party,I voted,Kamala Harris
eb283071-9a92-4a54-b895-fbd0414e9fe9,0.355177716,Male,30-49,2-year or associate degree,"$15,000 to under $50,000",Midwest,Metropolitan,Black or African-American,No,Other or none,Neither,I voted,Kamala Harris
5b3e877a-4b0e-44e8-84cf-f32d449d59b1,0.779356813,Female,50-64,High school graduate or GED,"$15,000 to under $50,000",South,Metropolitan,White,Yes,Republican,,I voted,Donald Trump
2393ac80-f683-4f74-a539-70c7ccec41e1,0.526742439,Female,30-49,2-year or associate degree,"$50,000 to under $75,000",South,Metropolitan,Black or African-American,No,Independent,The Democratic Party,I voted,Kamala Harris
a438cf21-7379-4aa5-a6e6-c52cf02b22cc,1.11280595,Female,18-29,"Some college, no degree","$50,000 to under $75,000",West,Metropolitan,White,No,Democrat,,I voted,Kamala Harris
2c0902a7-df03-493f-bb52-bbbae801185b,0.976492002,Male,30-49,4-year or bachelor degree,"$150,000 to under $200,000",South,Metropolitan,White,Yes,Republican,,I voted,Donald Trump
6116766f-366a-44e9-8688-4ba3526c3179,0.745275077,Male,30-49,"Some college, no degree","Less than $15,000",South,Metropolitan,Black or African-American,No,Democrat,,I did not vote,
b6d48c60-00a6-45a8-b41e-baf9036bc5dd,0.987049241,Female,50-64,Some high school or less,"$15,000 to under $50,000",Northeast,Metropolitan,Black or African-American,No,Democrat,,I did not vote,
37079b7d-3c68-4ddb-a384-529bf6b8de85,1.40623327,Female,30-49,"Some college, no degree","$50,000 to under $75,000",South,Metropolitan,White,Yes,Other or none,The Republican Party,I voted,Someone else
dd040ced-ef53-4172-b835-83a6a669e429,0.377400414,Female,65+,"Some college, no degree","$15,000 to under $50,000",South,Metropolitan,Black or African-American,No,Independent,Neither,I voted,Kamala Harris
02fd440d-443a-4568-ac4d-0177bea97474,1.241843463,Male,30-49,Some high school or less,"$75,000 to under $100,000",Midwest,Non-metro,White,No,Republican,,I voted,Donald Trump
72315545-b9d7-436e-96eb-8c8c8b260f56,0.926541661,Male,30-49,4-year or bachelor degree,"$75,000 to under $100,000",South,Metropolitan,Mixed race,No,Republican,,I voted,Donald Trump
25df3789-dd3a-4acd-a7b3-08d7d540d187,1.236719399,Male,30-49,4-year or bachelor degree,"$100,000 to under $150,000",Northeast,Metropolitan,Black or African-American,No,Democrat,,I did not vote,
132a86b8-f223-4baa-b413-4d54092dcae5,1.021185422,Female,30-49,High school graduate or GED,"$15,000 to under $50,000",South,Metropolitan,White,No,Democrat,,I was not registered to vote,
220035a3-0605-4992-9ffb-7b2e3a8d7916,1.927254272,Female,18-29,Some high school or less,"$15,000 to under $50,000",South,Non-metro,White,No,Democrat,,I did not vote,
3e4351cb-88ed-4c4e-9b0f-be796ee6abff,0.810585445,Male,30-49,Post-graduate degree,"$100,000 to under $150,000",South,Metropolitan,White,Yes,Democrat,,I voted,Kamala Harris
204c2f51-6d38-4736-852c-6a0350a73732,1.470513926,Male,30-49,High school graduate or GED,"Less than $15,000",South,Metropolitan,Some other race,Yes,Democrat,,I did not vote,
60847ea6-51a9-4070-bc9b-28e4df2ac1ee,1.476121099,Male,18-29,4-year or bachelor degree,"$100,000 to under $150,000",West,Metropolitan,Asian or Asian-American,No,Democrat,,I voted,Donald Trump
5850dc7e-0b6e-4b7a-b65f-c46358ec1152,0.905069503,Female,30-49,High school graduate or GED,"$75,000 to under $100,000",,,White,No,,,I voted,Kamala Harris
93b17e3e-63b9-4592-a188-128588443f81,1.03685268,Male,65+,"Some college, no degree","$75,000 to under $100,000",South,Metropolitan,White,No,Republican,,I voted,Donald Trump
2a57bcbe-7ea0-4b75-843f-7aff387a8688,1.080577765,Female,30-49,High school graduate or GED,"$150,000 to under $200,000",South,Non-metro,Native American or American Indian,Yes,Democrat,,I voted,Kamala Harris
49fe24ef-f3a4-4403-89bb-99c3ece91688,3.958685311,Female,18-29,High school graduate or GED,"$50,000 to under $75,000",South,Metropolitan,White,Yes,Other or none,The Democratic Party,I did not vote,
00e578cd-035d-4a08-ada1-6751c4d9468e,1.459353555,Male,18-29,2-year or associate degree,"$75,000 to under $100,000",South,Metropolitan,Black or African-American,No,Republican,,I voted,Donald Trump
a7a36ff6-0b3d-48d0-99ff-944e74756ab4,0.982198878,Female,30-49,High school graduate or GED,"$15,000 to under $50,000",South,Metropolitan,White,No,Independent,Neither,I did not vote,
c12babb9-99c8-411d-8c9a-a3fb24acda2a,0.982198878,Female,30-49,High school graduate or GED,"$15,000 to under $50,000",South,Metropolitan,White,No,Other or none,Neither,I did not vote,
4df20e43-8fc4-49e3-855f-a974b77b488f,2.126249237,Female,65+,High school graduate or GED,"$50,000 to under $75,000",Northeast,Metropolitan,White,No,Independent,The Republican Party,I did not vote,
11fb9b98-10a4-4f2a-a27d-c7b5c7193f00,0.541413515,Female,30-49,4-year or bachelor degree,"$100,000 to under $150,000",Northeast,Metropolitan,White,No,Independent,The Democratic Party,I voted,Kamala Harris
fe0a2a30-ac8f-47a5-906b-a2d7a8538432,0.66038559,Male,50-64,4-year or bachelor degree,"$100,000 to under $150,000",West,Metropolitan,White,No,Independent,The Democratic Party,I voted,Kamala Harris
eeb05b18-9458-47e8-a325-d5be11d3fcdf,1.062352579,Female,18-29,4-year or bachelor degree,"$50,000 to under $75,000",Midwest,Metropolitan,White,No,Democrat,,I voted,Kamala Harris
7d284c4f-8646-4893-abce-2aa46ed76465,1.258918857,Female,50-64,High school graduate or GED,"$15,000 to under $50,000",South,Metropolitan,White,No,Republican,,I was not registered to vote,
275a7c4f-9e65-457f-8669-931a8c65b341,1.546593766,Male,65+,High school graduate or GED,"$100,000 to under $150,000",Midwest,Non-metro,White,No,Republican,,I voted,Donald Trump
b200f868-0f2e-41e9-b382-c41f8beb6fea,0.609549221,Female,30-49,High school graduate or GED,"$15,000 to under $50,000",Midwest,Metropolitan,White,No,Republican,,I voted,Donald Trump
a47d9aef-171d-4a16-8e2c-086b7aa276c7,0.488477119,Male,30-49,"Some college, no degree","$15,000 to under $50,000",West,Metropolitan,Mixed race,Yes,Democrat,,I voted,Kamala Harris
5dcae58b-b2f8-4a9b-87ae-feb08082f70d,0.982198878,Female,30-49,Some high school or less,"$15,000 to under $50,000",Midwest,Metropolitan,White,No,Other or none,Neither,I did not vote,
9acaeb41-c691-47e1-b7f9-36e11aee872f,0.866409914,Male,50-64,"Some college, no degree","$50,000 to under $75,000",South,Non-metro,White,No,Republican,,I voted,Donald Trump
658f19a8-b5e7-415c-a465-5cb0852437db,1.254632128,Female,30-49,High school graduate or GED,"$15,000 to under $50,000",West,Metropolitan,White,Yes,Democrat,,I did not vote,
a85297af-cdcb-4f8e-ab8e-fbfe5355b574,0.844527031,Female,65+,4-year or bachelor degree,"$50,000 to under $75,000",Northeast,Metropolitan,White,No,Republican,,I voted,Donald Trump
41fa9a94-b7df-4e6b-a1df-58ed0d310350,1.296679129,Male,50-64,"Some college, no degree","$100,000 to under $150,000",Midwest,Metropolitan,Black or African-American,No,Other or none,Neither,I voted,Someone else
d1001762-567d-4ae1-b6c0-3cc026faa803,0.915292675,Female,50-64,High school graduate or GED,"$50,000 to under $75,000",Midwest,Metropolitan,White,No,Democrat,,I voted,Kamala Harris
6a69f987-19e5-4148-9cdc-23f2166b2897,1.241843463,Male,30-49,High school graduate or GED,"$50,000 to under $75,000",South,Non-metro,White,No,Republican,,I voted,Donald Trump
669acb2a-9ba9-4aa8-8081-963de8f17d90,0.821668055,Male,65+,Post-graduate degree,"$75,000 to under $100,000",Midwest,Non-metro,White,No,Democrat,,I voted,Kamala Harris
96d1fd4c-cd2b-4e7f-aa96-beafd4a6fd6a,0.562903911,Female,30-49,4-year or bachelor degree,"$75,000 to under $100,000",Midwest,Metropolitan,White,No,Democrat,,I voted,Kamala Harris
2b9a6c6b-2229-4f9a-aaf8-41b208f4da16,0.675966398,Male,30-49,"Some college, no degree","$50,000 to under $75,000",South,Metropolitan,White,No,Independent,Neither,I voted,Donald Trump
3a712210-1988-451e-9f77-3886264dbe22,1.102630182,Female,50-64,High school graduate or GED,"$75,000 to under $100,000",South,Metropolitan,White,No,Republican,,I voted,Donald Trump
733368f4-d49e-45ef-a7cb-e145d23df58f,0.494910005,Female,30-49,High school graduate or GED,"$15,000 to under $50,000",West,Metropolitan,White,No,Independent,The Republican Party,I voted,Donald Trump
6cbd3f40-afff-4613-a3ea-7eefea60cf28,0.569927012,Female,50-64,"Some college, no degree","$50,000 to under $75,000",Midwest,Metropolitan,Black or African-American,No,Democrat,,I voted,Kamala Harris
26383f93-6511-4909-ad0c-e1fd372b5601,0.678116256,Female,30-49,4-year or bachelor degree,"More than $200,000",West,Metropolitan,White,No,Republican,,I voted,Donald Trump
2723129b-e643-4ace-ace9-d3610fa4c2d3,0.827831585,Male,65+,"Some college, no degree","$50,000 to under $75,000",South,Metropolitan,White,No,Independent,Neither,I voted,Kamala Harris
d331ce94-365e-4f19-bbc0-17ca088a005f,0.515041224,Female,50-64,High school graduate or GED,"$15,000 to under $50,000",Northeast,Non-metro,White,No,Independent,The Republican Party,I voted,Donald Trump
fde389f8-3af0-4900-a5a2-227d30b05854,0.989842945,Male,65+,4-year or bachelor degree,"$150,000 to under $200,000",South,Metropolitan,White,No,Republican,,I voted,Donald Trump
df9c30d6-f46d-4caf-9908-8a50c714dedd,0.4224634,Female,65+,"Some college, no degree","$15,000 to under $50,000",West,Metropolitan,White,No,Democrat,,I voted,Kamala Harris
02fae128-44db-453d-9719-8778d67928bc,1.059532099,Female,30-49,High school graduate or GED,"$50,000 to under $75,000",Midwest,Non-metro,White,No,Republican,,I voted,Donald Trump
45d87ede-a562-4c43-b2fb-d7502d4caad2,1.008287326,Male,30-49,High school graduate or GED,"$75,000 to under $100,000",South,Metropolitan,White,No,Independent,Neither,I voted,Donald Trump
e25dd40b-05c6-4e26-b060-58c3bde515e2,2.6604955,Female,18-29,"Some college, no degree","$75,000 to under $100,000",West,Metropolitan,White,No,Republican,,I did not vote,
d70b0dca-f561-4a4e-85b2-6a0aceea0dfe,1.482831903,Female,18-29,High school graduate or GED,"$75,000 to under $100,000",West,Metropolitan,Black or African-American,No,Independent,Neither,I voted,Kamala Harris
d38ec788-7ee3-4bb3-9fd0-13e3d3e1f156,0.757824841,Male,,4-year or bachelor degree,"$50,000 to under $75,000",Northeast,Metropolitan,White,No,Other or none,The Republican Party,I voted,Donald Trump
08e3212b-d5d6-4024-919c-97bee5c44714,0.766757381,Male,50-64,Post-graduate degree,"$15,000 to under $50,000",West,Metropolitan,White,No,Independent,Neither,I did not vote,
4e3e6b8a-164a-4d6f-9f38-b6e0d68b0dd8,0.621656801,Female,30-49,High school graduate or GED,"$15,000 to under $50,000",Northeast,Metropolitan,White,Yes,Democrat,,I voted,Kamala Harris
e9a12e11-d931-4a4b-9355-9c7f48e81d13,1.04930095,Male,50-64,High school graduate or GED,"$100,000 to under $150,000",South,Metropolitan,White,No,Independent,The Republican Party,I voted,Donald Trump
4210e502-fa25-47ac-aff2-140e33675cd4,0.824311419,Male,30-49,4-year or bachelor degree,"$75,000 to under $100,000",Midwest,Metropolitan,Black or African-American,Yes,Democrat,,I voted,Donald Trump
c3b7e13a-134f-42bc-9cbb-0801cd3a31a3,0.562903911,Female,30-49,Post-graduate degree,"$100,000 to under $150,000",Northeast,Metropolitan,White,No,Democrat,,I voted,Kamala Harris
d90938fd-5e76-4104-981e-e188fe818f25,1.092684565,Female,30-49,Post-graduate degree,"$150,000 to under $200,000",Midwest,Metropolitan,White,No,Other or none,Neither,I did not vote,
95b377a6-fc76-411d-a8de-dc3d94530fea,1.52979491,Male,18-29,4-year or bachelor degree,"$100,000 to under $150,000",Northeast,Metropolitan,Mixed race,Yes,Democrat,,I voted,Kamala Harris
eb117fa9-9e0f-4676-8cca-eddd0c249f10,0.926541661,Male,30-49,4-year or bachelor degree,"$100,000 to under $150,000",Northeast,Metropolitan,Mixed race,No,Republican,,I voted,Donald Trump
ee15901e-ed7e-43c2-b37c-7e217a345c31,1.198030649,Male,50-64,High school graduate or GED,"Less than $15,000",South,Metropolitan,White,No,Independent,The Democratic Party,I did not vote,
228b0c7c-cf65-4071-8ff9-0dd5749831ea,0.308166544,Female,30-49,2-year or associate degree,"Less than $15,000",South,Non-metro,Black or African-American,No,Independent,Neither,I voted,Donald Trump
016b017d-af56-4d16-b0e9-260833e1859f,0.705699668,Female,50-64,4-year or bachelor degree,"$100,000 to under $150,000",Midwest,Metropolitan,White,No,Republican,,I voted,Donald Trump
40227910-4f57-4f9b-b34e-510e7c8a2aa3,1.095351806,Female,65+,High school graduate or GED,"$50,000 to under $75,000",Northeast,Non-metro,White,No,Democrat,,I voted,Kamala Harris
f12bf12b-7597-4238-91db-f347bafffe5d,2.33273587,Male,30-49,Some high school or less,"$50,000 to under $75,000",West,Metropolitan,Asian or Asian-American,No,Other or none,Neither,I did not vote,
20952783-21fd-456c-a366-f1a63037d9fd,0.85307376,Female,18-29,High school graduate or GED,"$15,000 to under $50,000",Northeast,Metropolitan,Black or African-American,No,Independent,Neither,I voted,Kamala Harris
7d63003b-b142-4548-a7d2-eac0848160fd,0.634573351,Male,30-49,Post-graduate degree,"$150,000 to under $200,000",Midwest,Metropolitan,White,No,Independent,The Democratic Party,I voted,Kamala Harris
7fb0f996-ca4d-4e78-9b55-f6c0d0a06b25,1.776726292,Female,50-64,High school graduate or GED,"$50,000 to under $75,000",South,Metropolitan,White,No,Other or none,The Republican Party,I did not vote,
5647ba79-cb07-438f-8b5a-30a5284a335d,0.659761552,Male,30-49,4-year or bachelor degree,"$75,000 to under $100,000",Northeast,Metropolitan,White,No,Democrat,,I voted,Kamala Harris
417daec8-3cfb-4fc3-afee-9051d8b306b0,1.069228744,Male,30-49,High school graduate or GED,"Less than $15,000",South,Non-metro,Black or African-American,No,Other or none,Neither,I did not vote,
79e1ba30-2d9a-4ed4-ac37-c2ab13a33907,0.819291294,Male,30-49,"Some college, no degree","$75,000 to under $100,000",South,Metropolitan,Some other race,No,Democrat,,I voted,Donald Trump
3683b1b3-72f2-44cd-846a-a6f415314891,0.989842945,Male,65+,Post-graduate degree,"$75,000 to under $100,000",Midwest,Metropolitan,White,No,Republican,,I voted,Donald Trump
20deea33-5920-4a82-b40b-6fbe56f1eea3,1.200047044,Female,18-29,"Some college, no degree","Less than $15,000",South,Non-metro,Black or African-American,No,Democrat,,I did not vote,
6bd2ec88-29f7-4dd9-b006-79cd61ef49eb,1.072785078,Male,50-64,High school graduate or GED,"$100,000 to under $150,000",South,Metropolitan,White,No,Democrat,,I voted,Kamala Harris
7ff2ef8a-c3cf-46f3-b9db-d7f78715d3e8,0.656209215,Female,30-49,4-year or bachelor degree,"$50,000 to under $75,000",West,Metropolitan,Asian or Asian-American,No,Democrat,,I voted,Kamala Harris
54b08421-e893-4c07-aafb-82d6043a4f1b,1.15038495,Female,18-29,High school graduate or GED,"$15,000 to under $50,000",Midwest,Non-metro,White,No,Republican,,I voted,Donald Trump
64bf2dde-35fe-4bf5-8291-1f9377660241,0.714433019,Male,30-49,High school graduate or GED,"Less than $15,000",South,Non-metro,White,No,Republican,,I voted,Donald Trump
aca33865-6ad0-4ca0-ae36-105bbe27cd1e,1.056923049,Female,30-49,High school graduate or GED,"$50,000 to under $75,000",South,Metropolitan,White,Yes,Independent,Neither,I voted,Donald Trump
98ed4b9e-4129-4d08-88df-9e502202618b,0.792841078,Male,30-49,Post-graduate degree,"$100,000 to under $150,000",Midwest,Metropolitan,White,Yes,Independent,The Republican Party,I voted,Donald Trump
9d7f0a96-af75-492c-8ead-daf9e33ad291,1.03685268,Male,65+,"Some college, no degree","More than $200,000",South,Metropolitan,White,No,Republican,,I voted,Donald Trump
90803e9d-69ed-41ec-8ee0-e76e464b429e,1.280700401,Male,30-49,Post-graduate degree,"More than $200,000",Northeast,Metropolitan,White,No,Other or none,The Democratic Party,I voted,Someone else
44f6ff9a-d845-4a46-9538-428459dd15ef,0.999860291,Male,18-29,High school graduate or GED,"Less than $15,000",South,Metropolitan,Black or African-American,No,Independent,Neither,I voted,Kamala Harris
0e52f037-8b3e-4e19-85bd-ba84f9a832b9,0.71291242,Female,65+,4-year or bachelor degree,"$150,000 to under $200,000",South,Metropolitan,White,No,Democrat,,I voted,Donald Trump
cb495a3d-daf4-49a6-86b4-40a981d38f6e,0.917596202,Male,65+,4-year or bachelor degree,"$15,000 to under $50,000",West,Metropolitan,White,No,Independent,Neither,I voted,Someone else
ec0cfb02-095c-4532-a6a4-ce5d95da1769,0.701041399,Female,65+,4-year or bachelor degree,"$50,000 to under $75,000",Northeast,Metropolitan,White,No,Democrat,,I voted,Kamala Harris
88dbeb97-6130-421b-9111-00f1b450dfc2,0.844527031,Female,65+,4-year or bachelor degree,"$100,000 to under $150,000",South,Metropolitan,White,No,Republican,,I voted,Donald Trump
8028ad6a-c9f4-4383-a8c4-a1c022d4c0e3,0.691095024,Male,30-49,2-year or associate degree,"$100,000 to under $150,000",West,Metropolitan,White,No,Democrat,,I voted,Kamala Harris
27995161-ab43-4a6d-b081-d283d12aaf40,1.345790182,Female,30-49,4-year or bachelor degree,"$100,000 to under $150,000",Midwest,Non-metro,White,No,Republican,,I voted,Someone else
b47e3e8f-fb36-44d0-a73c-20e80db18647,1.5257334,Male,30-49,High school graduate or GED,"$50,000 to under $75,000",South,Metropolitan,White,Yes,Republican,,I voted,Donald Trump
63a8b4af-e1ab-40f8-895f-2368cb0bf75f,0.816888315,Female,30-49,High school graduate or GED,"$75,000 to under $100,000",South,Metropolitan,Black or African-American,No,Democrat,,I voted,Kamala Harris
1a746950-9542-455a-a1b3-c5710631b73b,0.685260961,Female,50-64,"Some college, no degree","Less than $15,000",South,Metropolitan,White,No,Independent,Neither,I was not registered to vote,
9691dbc2-8fd7-490f-ad85-8c0b1318d59a,0.529791407,Male,30-49,High school graduate or GED,"Less than $15,000",South,Metropolitan,Black or African-American,No,Independent,Neither,I voted,Kamala Harris
3c606eb6-55d5-4e5f-af60-ecd039bc71ae,2.653944149,Female,18-29,"Some college, no degree","$100,000 to under $150,000",South,Metropolitan,Mixed race,Yes,Other or none,Neither,I voted,Someone else
664413d1-c880-4710-b807-798aed38b645,0.400854087,Female,30-49,2-year or associate degree,"$15,000 to under $50,000",West,Metropolitan,White,Yes,Other or none,The Democratic Party,I voted,Kamala Harris
ee28047a-2499-41c9-ba8b-32c6f024c24d,0.718260147,Female,65+,"Some college, no degree","$100,000 to under $150,000",West,Metropolitan,White,No,Independent,The Democratic Party,I voted,Donald Trump
5111b132-9777-4c97-911f-e50994b9b662,1.069228744,Male,30-49,Some high school or less,"Less than $15,000",Northeast,Metropolitan,Black or African-American,No,Other or none,The Republican Party,I did not vote,
789b4899-e756-42a2-a838-65813c7c1c6c,2.172634048,Male,18-29,Some high school or less,"Less than $15,000",South,Non-metro,White,No,Other or none,Neither,I did not vote,
96b31b9a-6b2f-45ab-9bf6-4fd0cfcbf96d,2.160130462,Female,18-29,2-year or associate degree,"$150,000 to under $200,000",West,Metropolitan,White,No,Other or none,The Democratic Party,I did not vote,
578be46e-1040-4129-8d32-2b3b7dae2f6d,2.05267175,Male,65+,2-year or associate degree,"$50,000 to under $75,000",Northeast,Metropolitan,White,Yes,Independent,The Democratic Party,I voted,Someone else
bf760cbe-4969-437a-9c7b-2ebe2d5826a9,1.456556651,Male,18-29,"Some college, no degree","$15,000 to under $50,000",South,Non-metro,White,No,Other or none,The Republican Party,I voted,Someone else
161281a9-5929-4191-958c-3a1311609193,0.999860291,Male,18-29,High school graduate or GED,"Less than $15,000",Northeast,Metropolitan,Black or African-American,No,Independent,Neither,I voted,Kamala Harris
97d97c96-58bf-4c38-ba77-26a96a0d8c2d,1.858557335,Male,30-49,High school graduate or GED,"$100,000 to under $150,000",South,Metropolitan,Black or African-American,No,Independent,Neither,I did not vote,
56aa0021-4a65-42ce-bb94-b3ffe07d491c,1.414373037,Male,30-49,High school graduate or GED,"$15,000 to under $50,000",South,Metropolitan,White,Yes,Independent,Neither,I did not vote,
4e4deb1a-4d80-41e1-8c0c-a768fbb3b8f4,0.590195119,Female,50-64,"Some college, no degree","$75,000 to under $100,000",South,Metropolitan,White,No,Independent,The Republican Party,I voted,Kamala Harris
1211106c-c925-4b2e-bc31-5a021f578eed,1.245996329,Male,30-49,2-year or associate degree,"$50,000 to under $75,000",South,Metropolitan,Black or African-American,No,Independent,The Republican Party,I did not vote,
622b9f4b-5971-48fc-b6c2-3c8d76bf1bc9,0.556717304,Female,30-49,High school graduate or GED,"Less than $15,000",South,Metropolitan,Black or African-American,No,Republican,,I voted,Kamala Harris
b13e8a5d-a59d-47fe-a349-485b99cb67cf,1.65656212,Male,18-29,High school graduate or GED,"$15,000 to under $50,000",South,Metropolitan,Mixed race,Yes,Republican,,I voted,Donald Trump
cdcc3582-38f7-4368-b5dc-65e5c9755eb8,1.102630182,Female,50-64,High school graduate or GED,"$75,000 to under $100,000",Midwest,Non-metro,White,No,Republican,,I voted,Donald Trump
f0dcf8c7-a90e-4f9f-9633-73d978a923d6,2.343695932,Male,18-29,High school graduate or GED,"$50,000 to under $75,000",South,Metropolitan,White,No,Republican,,I voted,Donald Trump
6e689697-cc6e-47fa-997d-cbdb31c375f5,0.884635406,Female,65+,"Some college, no degree","$50,000 to under $75,000",Midwest,Metropolitan,White,No,Republican,,I voted,Donald Trump
f9b37a33-24aa-4c9f-aab2-29d6fefc0186,0.965050525,Male,65+,2-year or associate degree,"$50,000 to under $75,000",Midwest,Metropolitan,Some other race,No,Independent,The Democratic Party,I voted,Kamala Harris
c03196ed-9caf-46fd-9d1e-abe0fc962ed2,0.759133541,Female,65+,High school graduate or GED,"$15,000 to under $50,000",South,Metropolitan,White,No,Republican,,I voted,Donald Trump
0181fea9-6518-4331-b319-0772b87af1c2,0.743493671,Male,50-64,High school graduate or GED,"$15,000 to under $50,000",Midwest,Non-metro,White,No,Republican,,I voted,Donald Trump
270140f6-7d37-48bf-bb8b-6ea7a6cfc3c5,0.686598359,Male,50-64,4-year or bachelor degree,"$100,000 to under $150,000",Midwest,Metropolitan,White,No,Democrat,,I voted,Kamala Harris
ee594a27-32d6-486b-a542-ee844ea21685,0.790298631,Male,65+,Post-graduate degree,"$50,000 to under $75,000",West,Non-metro,White,No,Independent,The Democratic Party,I voted,Kamala Harris
49b864fd-1b08-40f3-9df1-e8022c1d7076,0.810585445,Male,30-49,4-year or bachelor degree,"$100,000 to under $150,000",West,Metropolitan,White,Yes,Democrat,,I voted,Kamala Harris
03c8aeaa-4adf-418c-85b0-28545aa47713,1.396092088,Male,50-64,"Some college, no degree","$75,000 to under $100,000",West,Metropolitan,White,No,Other or none,Neither,I did not vote,
0b853b0a-046f-4632-87c4-bb888c3f04c8,1.209711978,Female,30-49,High school graduate or GED,"$15,000 to under $50,000",Northeast,Metropolitan,White,No,Republican,,I did not vote,
5ad472f4-a18f-4a86-b0a6-324777d2b114,0.759133541,Female,65+,High school graduate or GED,"$15,000 to under $50,000",Midwest,Metropolitan,White,No,Republican,,I voted,Donald Trump
f8f5e476-7cae-4ae2-a4f4-32fa3e8fddd2,1.334300442,Female,30-49,"Some college, no degree","$75,000 to under $100,000",West,Metropolitan,Mixed race,No,Independent,The Democratic Party,I did not vote,
ed79cd0c-944d-4895-a335-f4c9ad6661e2,0.585800885,Female,50-64,4-year or bachelor degree,"$75,000 to under $100,000",West,Metropolitan,White,No,Democrat,,I voted,Kamala Harris
404790d2-fc19-48d5-9119-3ebba246fdb9,0.734335338,Female,65+,2-year or associate degree,"$100,000 to under $150,000",West,Metropolitan,White,No,Democrat,,I voted,Kamala Harris
96eda0af-c57b-451f-89b3-9b28851b255a,1.283826588,Male,65+,High school graduate or GED,"$100,000 to under $150,000",South,Metropolitan,White,No,Democrat,,I voted,Kamala Harris
c36c0504-1c4d-4c7b-9f3c-a121251f96cf,0.843992404,Female,50-64,"Some college, no degree","Less than $15,000",Northeast,Metropolitan,White,No,Republican,,I was not registered to vote,
112c6d02-4e0e-46e3-9eb1-bf85b1f73e08,1.11280595,Female,18-29,"Some college, no degree","$100,000 to under $150,000",Midwest,Metropolitan,White,No,Democrat,,I voted,Kamala Harris
e264295a-a164-4619-a25b-14fbf5a68edb,1.342476234,Female,30-49,Post-graduate degree,"$50,000 to under $75,000",South,Metropolitan,Mixed race,Yes,Independent,The Democratic Party,I was not registered to vote,
47413efd-7ffc-42f2-af1f-e3d7ad2ecb63,0.714433019,Male,30-49,High school graduate or GED,"$15,000 to under $50,000",South,Metropolitan,White,No,Republican,,I voted,Donald Trump
4f53a3d2-ed00-4101-a23a-3c6a870afe19,0.613621808,Female,50-64,2-year or associate degree,"$50,000 to under $75,000",Northeast,Metropolitan,White,No,Democrat,,I voted,Kamala Harris
2021cc2b-c668-4061-9990-adb5e58f5df0,0.710321431,Female,30-49,2-year or associate degree,"$50,000 to under $75,000",Midwest,Metropolitan,White,No,Republican,,I voted,Donald Trump
91f5bb8e-f5e4-437e-a191-8557f7a62bdf,0.809006537,Female,30-49,"Some college, no degree","$15,000 to under $50,000",South,Metropolitan,White,Yes,Independent,Neither,I did not vote,
47174d35-82cb-4fd0-a575-a753b939d44a,1.280700401,Male,30-49,Post-graduate degree,"$150,000 to under $200,000",Midwest,Metropolitan,White,No,Independent,The Democratic Party,I voted,Someone else
d6742106-cef9-46fd-af2a-5ca2b98b82fd,1.092684565,Female,30-49,4-year or bachelor degree,"$75,000 to under $100,000",South,Metropolitan,White,No,Independent,Neither,I did not vote,
2b880b42-c8b0-474e-88f0-081e8d179a48,0.879516981,Female,30-49,High school graduate or GED,"$75,000 to under $100,000",Midwest,Metropolitan,White,No,Democrat,,I voted,Kamala Harris
c1ad03e8-9697-4871-9c45-0a446d21697f,0.611587623,Female,30-49,2-year or associate degree,"Less than $15,000",South,Metropolitan,Black or African-American,No,Independent,Neither,I did not vote,
71c718f8-06fc-448b-b3a1-1896ac4d1bba,0.691095024,Male,30-49,"Some college, no degree","$75,000 to under $100,000",South,Metropolitan,White,No,Democrat,,I voted,Kamala Harris
2132fb77-7c07-404d-ba26-a8d921a52a78,0.557450851,Female,50-64,"Some college, no degree","$50,000 to under $75,000",Midwest,Metropolitan,Black or African-American,No,Other or none,The Republican Party,I voted,Donald Trump
582e610b-13f8-46a7-b7a6-fa1bff2bb052,1.395763314,Female,30-49,4-year or bachelor degree,"$75,000 to under $100,000",South,Metropolitan,White,Yes,Democrat,,I was not registered to vote,
c5b6716e-3122-4318-b00b-05035a784fc7,1.323955613,Female,65+,"Some college, no degree","$50,000 to under $75,000",Northeast,Metropolitan,Black or African-American,No,Other or none,Neither,I did not vote,
92841b71-9e85-471e-8d5c-b9777a0c7f43,0.827127862,Male,50-64,Post-graduate degree,"$100,000 to under $150,000",South,Metropolitan,White,No,Republican,,I voted,Donald Trump
e389ed56-d7f5-48ab-8663-d171f765ab28,0.883619561,Male,50-64,"Some college, no degree","$50,000 to under $75,000",West,Metropolitan,White,Yes,Democrat,,I voted,Kamala Harris
8397ecf6-3b41-45a5-ba9c-bb26ef80c0b2,0.800406893,Male,50-64,Post-graduate degree,"$150,000 to under $200,000",South,Metropolitan,Asian or Asian-American,No,Democrat,,I voted,Kamala Harris
0a02f067-7290-4cdc-b935-289d21e19a6b,0.999326819,Male,65+,2-year or associate degree,"$15,000 to under $50,000",South,Metropolitan,White,No,Democrat,,I did not vote,
b180d620-e7bf-41ec-ac52-9243c0c5510a,0.508931087,Female,65+,"Some college, no degree","$15,000 to under $50,000",West,Metropolitan,White,No,Republican,,I voted,Donald Trump
ff8033da-eca4-4a30-a263-26394afbf2fa,1.102630182,Female,50-64,High school graduate or GED,"$75,000 to under $100,000",South,Metropolitan,White,No,Republican,,I voted,Donald Trump
f9da9f4d-d4bf-437e-9e95-a46afb210174,2.102748436,Female,30-49,High school graduate or GED,"$50,000 to under $75,000",West,Metropolitan,White,No,Republican,,I did not vote,
f50bf98d-f475-4246-90be-a88edcf0749f,1.658296247,Male,65+,4-year or bachelor degree,"$50,000 to under $75,000",Midwest,Non-metro,White,No,Democrat,,I did not vote,
e7184c8e-1ac5-4f4b-af53-70c866bbc361,1.305666202,Female,50-64,High school graduate or GED,"Less than $15,000",West,Metropolitan,White,Yes,Democrat,,I voted,Someone else
e52186bf-b4e0-4bc4-931e-fc6137de029c,1.03685268,Male,65+,"Some college, no degree","More than $200,000",South,Non-metro,White,No,Republican,,I voted,Donald Trump
c5e093c3-ad3b-4c70-96a8-69310c61f852,0.739758372,Male,30-49,Post-graduate degree,"More than $200,000",West,Metropolitan,Asian or Asian-American,No,Independent,The Republican Party,I voted,Kamala Harris
725290bc-8bfa-451a-bf11-7046760af791,0.686598359,Male,50-64,4-year or bachelor degree,"$50,000 to under $75,000",West,Non-metro,White,No,Democrat,,I voted,Kamala Harris
63a3a636-ff2c-4c3e-861c-c3b549127573,0.860690809,Male,65+,"Some college, no degree","$75,000 to under $100,000",West,Metropolitan,White,No,Democrat,,I voted,Kamala Harris
33996914-ef5f-428b-8eb6-01695bfa4509,0.912258436,Female,30-49,High school graduate or GED,"Less than $15,000",South,Metropolitan,Black or African-American,No,Other or none,Neither,I did not vote,
63fe376e-f95f-4af5-a5a3-e09f2ce8ce2d,1.319542911,Female,65+,High school graduate or GED,"$100,000 to under $150,000",Midwest,Metropolitan,White,No,Republican,,I voted,Donald Trump
14bc211b-8e1b-41df-9cfa-c01b405a2d6d,0.562903911,Female,30-49,Post-graduate degree,"$150,000 to under $200,000",Northeast,Metropolitan,White,No,Democrat,,I voted,Kamala Harris
60569996-445e-47eb-8b4c-677d37d45006,0.886934925,Female,18-29,High school graduate or GED,"$15,000 to under $50,000",South,Metropolitan,Black or African-American,No,Democrat,,I voted,Kamala Harris
b93536b6-87ae-4579-bffd-934463d9c6b5,1.324366053,Female,30-49,4-year or bachelor degree,"More than $200,000",South,Metropolitan,Asian or Asian-American,No,Democrat,,I voted,Someone else
ce082a73-fbd5-4d6a-bb3d-e629fdff55fd,0.821668055,Male,65+,Post-graduate degree,"$50,000 to under $75,000",South,Metropolitan,White,No,Democrat,,I voted,Kamala Harris
3dd1719c-73fa-4569-b196-014b1d47ff9d,0.469956159,Female,30-49,High school graduate or GED,"Less than $15,000",Northeast,Metropolitan,Black or African-American,No,Democrat,,I voted,Kamala Harris
cb08659a-a4f4-4202-b812-4fb76de7ecf9,0.515041224,Female,50-64,High school graduate or GED,"Less than $15,000",South,Metropolitan,White,No,Independent,Neither,I voted,Donald Trump
89f87b07-ea6b-4eeb-9cce-18b4dd56cac4,1.296679129,Male,50-64,"Some college, no degree","$50,000 to under $75,000",South,Metropolitan,Black or African-American,No,Independent,Neither,I voted,Someone else
1ee28d83-d35a-4a9c-89f8-6cadc2d7c8f0,0.674277227,Female,65+,Post-graduate degree,"$100,000 to under $150,000",Northeast,Metropolitan,White,No,Independent,Neither,I voted,Kamala Harris
f0775a7d-b00f-45e0-82fb-07594bf51de5,0.759133541,Female,65+,High school graduate or GED,"Less than $15,000",South,Metropolitan,White,No,Republican,,I voted,Donald Trump
395dc458-30b3-490b-ab5d-028d41b6f71a,1.721679462,Female,18-29,High school graduate or GED,"Less than $15,000",Midwest,Metropolitan,Black or African-American,No,Other or none,The Democratic Party,I was not registered to vote,
8fd1e531-e397-4ab9-96ee-4b40c4795965,0.866409914,Male,50-64,"Some college, no degree","$50,000 to under $75,000",Midwest,Metropolitan,White,No,Republican,,I voted,Donald Trump
7bc578e1-9e79-4231-bbed-05cf56ed79a9,0.701041399,Female,65+,4-year or bachelor degree,"More than $200,000",South,Metropolitan,White,No,Democrat,,I voted,Kamala Harris
1e96d8bc-151c-4a8a-bf72-cb1fcf42c3b5,0.844527031,Female,65+,4-year or bachelor degree,"$150,000 to under $200,000",West,Metropolitan,White,No,Republican,,I voted,Donald Trump
8944351b-6354-4f21-b49a-af5ad98188c0,1.009504364,Male,65+,Post-graduate degree,"More than $200,000",Northeast,Metropolitan,Some other race,Yes,Democrat,,I voted,Kamala Harris
cb6b2dbf-9706-4522-8960-213a9aa14840,0.860263647,Female,30-49,High school graduate or GED,"$50,000 to under $75,000",South,Metropolitan,White,No,Independent,The Republican Party,I voted,Donald Trump
166511ed-43cd-44f8-ad0c-de1120e92d08,0.562903911,Female,30-49,4-year or bachelor degree,"$150,000 to under $200,000",Northeast,Metropolitan,White,No,Democrat,,I voted,Kamala Harris
1a7b45c1-42d0-4586-a2ae-8317b86f32e1,1.945500634,Male,18-29,High school graduate or GED,"$100,000 to under $150,000",Midwest,Metropolitan,White,No,Democrat,,I voted,Kamala Harris
28b8c093-0479-418e-b9a7-0cd150741e69,0.629828937,Female,30-49,4-year or bachelor degree,"$50,000 to under $75,000",South,Metropolitan,Black or African-American,No,Republican,,I voted,Donald Trump
e4d7ac1d-5c4f-4e8a-bcf6-46637ce9fc12,0.790298631,Male,65+,Post-graduate degree,"$75,000 to under $100,000",Midwest,Metropolitan,White,No,Independent,The Democratic Party,I voted,Kamala Harris
5778b2b7-933f-4c0e-b372-8ca75221e176,0.327879228,Female,50-64,"Some college, no degree","Less than $15,000",Midwest,Metropolitan,Black or African-American,No,Democrat,,I voted,Kamala Harris
f0961d94-e145-474f-8310-37d4b3806fd0,0.686598359,Male,50-64,4-year or bachelor degree,"More than $200,000",West,Metropolitan,White,No,Democrat,,I voted,Kamala Harris
bb6128c3-b499-4598-bd85-9f18ad93bbd2,0.769121696,Male,30-49,Post-graduate degree,"$100,000 to under $150,000",South,Metropolitan,Asian or Asian-American,No,Democrat,,I voted,Kamala Harris
1eee9aaa-ac7b-404a-aafd-f8b619a7f596,0.987049241,Female,50-64,High school graduate or GED,"Less than $15,000",South,Metropolitan,Black or African-American,No,Democrat,,I did not vote,
68e3826b-ca66-4d40-a343-7506ed0515bb,0.541413515,Female,30-49,4-year or bachelor degree,"$100,000 to under $150,000",West,Metropolitan,White,No,Independent,The Democratic Party,I voted,Kamala Harris
abbb1d74-7bf3-4287-bc1d-6bc2da2cb443,0.634343565,Female,50-64,High school graduate or GED,"Less than $15,000",South,Metropolitan,White,No,Republican,,I voted,Donald Trump
5d416178-ada0-4488-980d-242548877f9a,1.765810592,Male,65+,High school graduate or GED,"$15,000 to under $50,000",South,Metropolitan,White,No,Republican,,I was not registered to vote,
bdb1e220-7a5c-404e-8d9c-00a66e91890e,0.989842945,Male,65+,Post-graduate degree,"$75,000 to under $100,000",Midwest,Metropolitan,White,No,Republican,,I voted,Donald Trump
3b39250c-269f-431c-8082-191228d79178,0.609549221,Female,30-49,High school graduate or GED,"Less than $15,000",South,Metropolitan,White,No,Republican,,I voted,Donald Trump
c4a5bd08-e563-41e1-bc44-71e7c11bc342,0.889755984,Male,65+,High school graduate or GED,"$15,000 to under $50,000",South,Metropolitan,White,No,Republican,,I voted,Donald Trump
a1238365-3489-4db5-9dd4-0af76f2ae0e0,0.691095024,Male,30-49,"Some college, no degree","$75,000 to under $100,000",West,Metropolitan,White,No,Democrat,,I voted,Kamala Harris
f2250906-7a8f-4b23-b68d-dfa813d3998e,1.206733117,Female,30-49,High school graduate or GED,"Less than $15,000",Northeast,Metropolitan,Black or African-American,Yes,Other or none,Neither,I did not vote,
aa737f83-ef18-49dc-8c37-be0602b682b5,1.151203684,Male,30-49,High school graduate or GED,"$15,000 to under $50,000",West,Metropolitan,White,No,Independent,Neither,I did not vote,
601faeb9-70de-44e6-a8ea-c15048917229,1.354695456,Female,50-64,High school graduate or GED,"$75,000 to under $100,000",West,Metropolitan,White,Yes,Republican,,I voted,Donald Trump
99053079-eae6-4f82-8111-897c63cf3369,0.734335338,Female,65+,2-year or associate degree,"$75,000 to under $100,000",South,Metropolitan,White,No,Democrat,,I voted,Kamala Harris
ddb928bc-7ece-4fb2-bd49-e531fbf15e6d,0.345289038,Female,50-64,"Some college, no degree","$15,000 to under $50,000",South,Metropolitan,White,No,Independent,Neither,I voted,Donald Trump
d31ae7d5-86b2-4496-ad22-f3cb1550b565,0.691585794,Female,30-49,Post-graduate degree,"$100,000 to under $150,000",West,Metropolitan,White,Yes,Democrat,,I voted,Kamala Harris
8de6bd39-5953-46b8-a243-44595eee1d6e,0.830494778,Male,30-49,"Some college, no degree","$50,000 to under $75,000",South,Metropolitan,Native American or American Indian,Yes,Independent,The Republican Party,I voted,Donald Trump
14fdb7d3-9eb1-407c-b9b4-4337ba28bf73,1.635929246,Male,30-49,Post-graduate degree,"$50,000 to under $75,000",West,Metropolitan,White,Yes,Democrat,,I did not vote,
d9e5d037-f431-48c4-8fd9-bc65c5432743,1.062352579,Female,18-29,4-year or bachelor degree,"$50,000 to under $75,000",Northeast,Metropolitan,White,No,Democrat,,I voted,Kamala Harris
8cbc9b89-90ca-4353-a8de-8db9d0b353f6,2.080475863,Male,30-49,High school graduate or GED,"$100,000 to under $150,000",South,Metropolitan,White,No,Democrat,,I voted,Someone else
994f4a4a-12fc-4902-b194-4303ebde3844,1.319542911,Female,65+,High school graduate or GED,"$50,000 to under $75,000",,,White,No,Republican,,I voted,Donald Trump
db04dd15-0fca-49dd-9035-9f1cc591be10,0.544087162,Female,50-64,Post-graduate degree,"$100,000 to under $150,000",Northeast,Metropolitan,Black or African-American,No,Democrat,,I voted,Kamala Harris
5841c2ef-9148-47cc-b035-a0b2d302fd4f,0.813961836,Female,65+,Post-graduate degree,"Less than $15,000",South,Metropolitan,White,No,Democrat,,I did not vote,
64d3c12e-454e-4ec4-a795-98207b94cfaa,0.585800885,Female,50-64,4-year or bachelor degree,"$100,000 to under $150,000",West,Metropolitan,White,No,Democrat,,I voted,Kamala Harris
36463bbf-a8af-409c-b501-1e6be43ad4d3,0.743493671,Male,50-64,High school graduate or GED,"$15,000 to under $50,000",Northeast,Non-metro,White,No,Republican,,I voted,Donald Trump
9a483736-a14f-4b25-98cf-2fc9e9b920a0,2.367831615,Female,18-29,High school graduate or GED,"Less than $15,000",South,Metropolitan,White,Yes,Democrat,,I did not vote,
ef4ebe68-5ec8-449b-a4a0-95d072f53bcc,0.485856724,Female,65+,4-year or bachelor degree,"Less than $15,000",West,Metropolitan,White,No,Republican,,I voted,Donald Trump
4ce55a14-345b-4b35-9056-6d688f454c0c,0.989842945,Male,65+,4-year or bachelor degree,"$150,000 to under $200,000",West,Metropolitan,White,No,Republican,,I voted,Donald Trump
f7a3f0fe-a3d0-4ba5-b0ee-01f44d03b4cc,0.769121696,Male,30-49,Post-graduate degree,"$150,000 to under $200,000",West,Metropolitan,Some other race,No,Democrat,,I voted,Kamala Harris
b5514750-f33a-4b77-a4a2-760c2b020d3c,0.685695039,Female,65+,Post-graduate degree,"$75,000 to under $100,000",South,Non-metro,White,No,Independent,The Republican Party,I voted,Donald Trump
f6d76976-9e80-4825-a6b4-15995e2ae301,0.478963388,Male,30-49,2-year or associate degree,"$15,000 to under $50,000",Midwest,Metropolitan,White,No,Republican,,I voted,Donald Trump
fcfa2743-0948-4d14-8e72-843ed65614d2,0.828062232,Female,30-49,"Some college, no degree","$150,000 to under $200,000",South,Metropolitan,Native American or American Indian,No,Republican,,I voted,Donald Trump
53a5d72c-867d-497f-bd7a-5188e337a5b3,0.828062232,Female,30-49,2-year or associate degree,"$50,000 to under $75,000",South,Metropolitan,Mixed race,No,Republican,,I voted,Donald Trump
6094d0eb-eb7a-4f86-82bd-f84952c7345d,0.691585794,Female,30-49,4-year or bachelor degree,"$100,000 to under $150,000",South,Metropolitan,White,Yes,Democrat,,I voted,Kamala Harris
f4b480f3-8c4a-43ad-ae3f-197bae151531,0.616361684,Female,65+,High school graduate or GED,"$15,000 to under $50,000",South,Metropolitan,White,No,Independent,Neither,I voted,Donald Trump
d53d5cb8-7772-4ac9-aa63-f970fd8ee067,0.879516981,Female,30-49,High school graduate or GED,"$50,000 to under $75,000",Midwest,Non-metro,White,No,Democrat,,I voted,Kamala Harris
dff0668c-f2a3-498a-a059-adc8e9f4d14d,0.472705946,Male,65+,Post-graduate degree,"Less than $15,000",South,Metropolitan,White,No,Democrat,,I voted,Kamala Harris
47bcdbfe-5d3b-45d0-9460-2a388a88df31,2.492108279,Male,65+,High school graduate or GED,"$75,000 to under $100,000",Northeast,Metropolitan,White,No,Independent,Neither,I voted,Someone else
ef436e30-443e-4dae-9f95-a3f04a28af39,0.659761552,Male,30-49,Post-graduate degree,"More than $200,000",Northeast,Metropolitan,White,No,Democrat,,I voted,Kamala Harris
92bc7ae3-ae63-4c2c-a51e-4abb9812a238,0.691585794,Female,30-49,4-year or bachelor degree,"$75,000 to under $100,000",Northeast,Metropolitan,White,Yes,Democrat,,I voted,Kamala Harris
ebf637c0-0ada-4ef1-86ef-8dc8182a22a2,0.821668055,Male,65+,Post-graduate degree,"$75,000 to under $100,000",Northeast,Metropolitan,White,No,Democrat,,I voted,Kamala Harris
b2a50394-0208-4403-899c-1aa593bb0b97,0.805648912,Male,30-49,"Some college, no degree","$50,000 to under $75,000",West,Metropolitan,Mixed race,No,Democrat,,I voted,Kamala Harris
f0e61556-9c1c-4c78-ae2f-3ef390f24531,0.567337874,Female,30-49,High school graduate or GED,"$15,000 to under $50,000",Midwest,Metropolitan,Mixed race,No,Independent,The Democratic Party,I voted,Kamala Harris
4afccaaf-3f2e-4bf1-8878-64631a170052,0.901953756,Female,18-29,High school graduate or GED,"$15,000 to under $50,000",Northeast,Metropolitan,Black or African-American,No,Democrat,,I voted,Donald Trump
8ffebb4f-ebf1-4d65-9e2b-6255ae7cba77,0.646943639,Female,50-64,High school graduate or GED,"$15,000 to under $50,000",West,Metropolitan,White,Yes,Democrat,,I voted,Kamala Harris
0168a4d6-9da9-404f-b403-0c0fcfb78f6e,0.844527031,Female,65+,4-year or bachelor degree,"$75,000 to under $100,000",Midwest,Metropolitan,White,No,Republican,,I voted,Donald Trump
302d33df-5c96-420f-9514-0a982dc1c52a,0.664710582,Male,30-49,"Some college, no degree","$50,000 to under $75,000",Midwest,Metropolitan,White,No,Independent,The Democratic Party,I voted,Kamala Harris
9a9cf823-4371-4716-8e8f-e68d17a6b3e9,0.866409914,Male,50-64,2-year or associate degree,"$50,000 to under $75,000",Midwest,Metropolitan,White,No,Republican,,I voted,Donald Trump
394ed9b8-24b6-41f7-9767-8191f5b2b138,0.884635406,Female,65+,"Some college, no degree","$75,000 to under $100,000",South,Metropolitan,White,No,Republican,,I voted,Donald Trump
454cd073-413d-4b95-ab63-862faa3785ef,1.197625201,Other,18-29,"Some college, no degree","$75,000 to under $100,000",West,Non-metro,White,No,Democrat,,I voted,Kamala Harris
ab6b5014-e0a7-4046-8c11-1afd856a94e9,0.811003597,Female,30-49,"Some college, no degree","$15,000 to under $50,000",Midwest,Metropolitan,White,No,Republican,,I did not vote,
67d2f1b5-f2a8-4a78-8c38-2e59956fb3ba,0.706300079,Female,65+,"Some college, no degree","$100,000 to under $150,000",South,Metropolitan,White,No,Independent,The Democratic Party,I voted,Kamala Harris
2fd4187c-93ff-42fb-bb59-264fd749468b,1.670735526,Male,65+,"Some college, no degree","$50,000 to under $75,000",South,Metropolitan,White,No,Independent,Neither,I was not registered to vote,
6c55fecd-2db3-4169-b9b3-d089d5d0ad20,1.280700401,Male,30-49,4-year or bachelor degree,"$50,000 to under $75,000",West,Metropolitan,White,No,Independent,Neither,I voted,Someone else
2ea48016-bc64-4385-a760-cd9e2d38f9e5,0.77963913,Male,30-49,Post-graduate degree,"$100,000 to under $150,000",South,Metropolitan,Mixed race,Yes,Independent,The Democratic Party,I voted,Kamala Harris
1406a482-a991-44ad-b580-35def4eed2ae,0.526568225,Female,50-64,High school graduate or GED,"$15,000 to under $50,000",Northeast,Metropolitan,White,No,Democrat,,I voted,Kamala Harris
0cb5bdc3-e9f6-43ad-b729-d035daf0775f,1.216124646,Male,65+,4-year or bachelor degree,"$50,000 to under $75,000",South,Metropolitan,White,Yes,Republican,,I voted,Donald Trump
5b14fdc9-9ebd-4323-8c32-38ae57b8fcae,0.466771196,Male,50-64,Post-graduate degree,"$15,000 to under $50,000",West,Metropolitan,White,Yes,Other or none,Neither,I voted,Kamala Harris
a98cd678-100b-4123-8414-bec6dbc6438b,0.691748698,Male,50-64,2-year or associate degree,"$50,000 to under $75,000",Midwest,Metropolitan,White,No,Independent,The Democratic Party,I voted,Kamala Harris
70a92b30-5303-4aff-93cd-80cc3fdf0d09,0.792841078,Male,30-49,4-year or bachelor degree,"$50,000 to under $75,000",South,Metropolitan,White,Yes,Independent,The Democratic Party,I voted,Donald Trump
1cdc7c47-eb29-4fdb-a776-406c713168b6,0.659761552,Male,30-49,4-year or bachelor degree,"More than $200,000",West,Metropolitan,White,No,Democrat,,I voted,Kamala Harris
c2925bb0-0cf3-4466-8516-3e7957ab3135,0.769849172,Male,50-64,Post-graduate degree,"More than $200,000",Northeast,Metropolitan,Mixed race,No,Independent,The Democratic Party,I voted,Kamala Harris
c202db8e-178d-4943-abaa-240905891565,1.111669777,Male,30-49,Some high school or less,"$15,000 to under $50,000",,,Black or African-American,No,Democrat,,I did not vote,
a79cba37-2e35-4133-9eef-31cd2d79d389,1,,,,,,,,,,,,
a5e0def8-e554-4115-8a5f-68e38565ff9d,0.757824841,Male,,4-year or bachelor degree,"$75,000 to under $100,000",Midwest,Metropolitan,White,No,Independent,The Republican Party,I voted,Donald Trump
6eca82c2-6b44-4849-be2c-0475109f1128,1.014876656,Female,30-49,4-year or bachelor degree,"$50,000 to under $75,000",South,Non-metro,Black or African-American,No,Independent,The Republican Party,I did not vote,
78b6747c-e9a5-4b28-a07a-a1d44f8def89,0.926541661,Male,30-49,4-year or bachelor degree,"$100,000 to under $150,000",South,Metropolitan,Asian or Asian-American,No,Republican,,I voted,Donald Trump
5fbc1c9d-9798-4e4f-9d1a-022eed63c838,1.191135939,Female,50-64,2-year or associate degree,"$75,000 to under $100,000",Midwest,Metropolitan,White,No,Other or none,Neither,I did not vote,
5253453b-31d7-4f80-be49-cadf6572ca77,0.705699668,Female,50-64,4-year or bachelor degree,"$150,000 to under $200,000",Midwest,Metropolitan,White,No,Republican,,I voted,Donald Trump
cd270e5a-eb85-4d7e-be13-eed9bba473c6,0.351136523,Other,30-49,2-year or associate degree,"$15,000 to under $50,000",Northeast,Metropolitan,White,No,Other or none,Neither,I voted,Kamala Harris
997d18cf-fe1d-47dd-a193-d5ad192e2c9a,1.334300442,Female,30-49,2-year or associate degree,"$75,000 to under $100,000",South,Metropolitan,Asian or Asian-American,No,Independent,The Democratic Party,I did not vote,
ae1b9990-bb3f-4a5a-95c3-56f94a92f030,0.7754735,Male,50-64,High school graduate or GED,"$15,000 to under $50,000",South,Metropolitan,White,No,Independent,The Democratic Party,,
c928e690-a851-4164-a7d9-146ff126900a,1.080577765,Female,30-49,High school graduate or GED,"$50,000 to under $75,000",South,Metropolitan,Black or African-American,Yes,Democrat,,I voted,Kamala Harris
edd5107d-a016-4b47-a3e2-2aaf27400903,0.613621808,Female,50-64,"Some college, no degree","$50,000 to under $75,000",South,Metropolitan,White,No,Democrat,,I voted,Kamala Harris
a77743c4-523f-4e0f-9c88-37286031eedb,0.844527031,Female,65+,4-year or bachelor degree,"$50,000 to under $75,000",South,Metropolitan,White,No,Republican,,I voted,Donald Trump
108ef281-f70b-4fc5-8263-2d042f53acce,0.705699668,Female,50-64,4-year or bachelor degree,"$100,000 to under $150,000",South,Metropolitan,White,No,Republican,,I voted,Donald Trump
97ecafff-8740-45db-b553-243112e38091,1.776726292,Female,50-64,High school graduate or GED,"$50,000 to under $75,000",Northeast,Non-metro,White,No,Independent,Neither,I was not registered to vote,
3acd572f-2bd9-45aa-b274-36fa6f5089d2,0.585800885,Female,50-64,4-year or bachelor degree,"$50,000 to under $75,000",Midwest,Metropolitan,White,No,Democrat,,I voted,Kamala Harris
aee86d9a-54d2-4fcb-8703-730fe16f4bbe,0.884635406,Female,65+,"Some college, no degree","$50,000 to under $75,000",Midwest,Metropolitan,White,No,Republican,,I voted,Donald Trump
f93f4b92-a681-48b3-9dfb-a73d08648ac1,1.03685268,Male,65+,"Some college, no degree","$75,000 to under $100,000",Northeast,Metropolitan,White,No,Republican,,I voted,Donald Trump
809797c7-6795-4d2d-87c2-50072217e3ee,0.485856724,Female,65+,4-year or bachelor degree,"$15,000 to under $50,000",South,Metropolitan,White,No,Republican,,I voted,Donald Trump
02cf0233-60a9-42c3-b02e-bf0b10343983,0.482343294,Male,50-64,"Some college, no degree","Less than $15,000",Midwest,Metropolitan,Asian or Asian-American,No,Democrat,,I voted,Kamala Harris
dcc483de-ba5f-4957-b276-92ae6da56098,0.810585445,Male,30-49,4-year or bachelor degree,"$50,000 to under $75,000",Midwest,Metropolitan,White,Yes,Democrat,,I voted,Kamala Harris
201c3e0e-7446-4d99-98c7-dca821045e0e,0.820066223,Male,50-64,2-year or associate degree,"$100,000 to under $150,000",South,Metropolitan,Some other race,No,Other or none,The Republican Party,I voted,Donald Trump
b9629e0d-be20-49f6-b1ea-ce71bbdf30ee,0.85307376,Female,18-29,High school graduate or GED,"Less than $15,000",South,Metropolitan,Black or African-American,No,Other or none,Neither,I voted,Kamala Harris
75fcd22d-4efc-4e30-8c3c-d53956079bbb,0.508931087,Female,65+,2-year or associate degree,"$15,000 to under $50,000",West,Metropolitan,White,No,Republican,,I voted,Donald Trump
b7725bbc-b774-452a-937b-88592d9a65d1,0.339539477,Female,50-64,"Some college, no degree","$15,000 to under $50,000",Northeast,Non-metro,White,No,Independent,The Democratic Party,I voted,Kamala Harris
7423074f-51a6-4ccc-907b-a490d3b4320b,1.050676771,Female,18-29,High school graduate or GED,"$15,000 to under $50,000",South,Non-metro,Black or African-American,No,Republican,,I voted,Kamala Harris
cddc8c07-53ed-4b1d-89df-529745f82cba,1.235157038,Female,30-49,High school graduate or GED,"$50,000 to under $75,000",South,Metropolitan,Native American or American Indian,No,Republican,,I voted,Donald Trump
c6514752-cd12-4882-bff9-96a47b1361a9,1.008287326,Male,30-49,High school graduate or GED,"$50,000 to under $75,000",South,Metropolitan,White,No,Other or none,Neither,I voted,Donald Trump
4d545e16-77b2-4fd4-8728-5e02fd4e57be,0.759133541,Female,65+,High school graduate or GED,"$15,000 to under $50,000",Northeast,Metropolitan,White,No,Republican,,I voted,Donald Trump
cfd86171-badf-4b9f-bd13-edc48bb6e56d,0.889755984,Male,65+,High school graduate or GED,"$15,000 to under $50,000",South,Non-metro,White,No,Republican,,I voted,Donald Trump
052889a1-c213-4e8a-960d-ad107e83079e,0.403309385,Female,65+,4-year or bachelor degree,"Less than $15,000",South,Metropolitan,White,No,Democrat,,I voted,Kamala Harris
c68c3fb6-3898-4335-9cf6-8c23bf183d8f,0.66038559,Male,50-64,4-year or bachelor degree,"$75,000 to under $100,000",West,Metropolitan,White,No,Independent,The Democratic Party,I voted,Kamala Harris
b033aeb9-4e6b-47a5-903f-e11ede712305,0.636464882,Female,50-64,"Some college, no degree","$15,000 to under $50,000",Midwest,Metropolitan,Black or African-American,No,Independent,Neither,I did not vote,
03abdcd3-b177-4ec6-af71-6999d6265520,1.319542911,Female,65+,High school graduate or GED,"$50,000 to under $75,000",Northeast,Metropolitan,White,No,Republican,,I voted,Donald Trump
42368e69-4762-4ad0-b21a-e05fde85bc13,0.982198878,Female,30-49,High school graduate or GED,"Less than $15,000",South,Non-metro,White,No,Other or none,The Republican Party,I was not registered to vote,
d408a270-db32-4c86-bcd6-4824201a5a10,0.382408252,Male,30-49,"Some college, no degree","$15,000 to under $50,000",Midwest,Metropolitan,White,No,Other or none,Neither,I voted,Kamala Harris
35c1d4f2-b8e1-4195-957e-a83f6949f9f1,0.719206367,Male,50-64,"Some college, no degree","$150,000 to under $200,000",West,Metropolitan,White,No,Democrat,,I voted,Kamala Harris
a9abcc2f-3a6a-4ab9-a877-ca6f47fead7d,1.241843463,Male,30-49,High school graduate or GED,"$75,000 to under $100,000",South,Metropolitan,White,No,Republican,,I voted,Donald Trump
1f389e2d-35b1-4b93-a555-f363e0483430,0.989842945,Male,65+,4-year or bachelor degree,"$75,000 to under $100,000",Northeast,Metropolitan,White,No,Republican,,I voted,Donald Trump
179b9e44-6194-43a0-bb44-ce9b9d57d7a9,1.080577765,Female,30-49,High school graduate or GED,"$100,000 to under $150,000",West,Metropolitan,Native American or American Indian,Yes,Democrat,,I voted,Kamala Harris
c89ed913-5a48-4484-a7fc-5637f3c41d91,0.613621808,Female,50-64,2-year or associate degree,"$75,000 to under $100,000",Northeast,Metropolitan,White,No,Democrat,,I voted,Kamala Harris
77339ec2-4cfc-491e-bf3e-1de5c84b5dd6,1.198030649,Male,50-64,Some high school or less,"$15,000 to under $50,000",Midwest,Non-metro,White,No,Other or none,Neither,I did not vote,
fc9874cb-21e3-4515-8769-bb478e0f6b4d,2.134148711,Male,65+,"Some college, no degree","$50,000 to under $75,000",Northeast,Metropolitan,White,Yes,Democrat,,I voted,Someone else
a7c83f31-726b-491e-98ed-8f2a997116ec,0.805726737,Female,50-64,Post-graduate degree,"Less than $15,000",South,Metropolitan,White,No,Republican,,I did not vote,
5f53e124-869f-41a1-bfa4-569d399ac14a,0.678116256,Female,30-49,Post-graduate degree,"$150,000 to under $200,000",Midwest,Non-metro,White,No,Republican,,I voted,Donald Trump
013cac56-629f-4bcd-82a7-82761bbd6a35,0.659761552,Male,30-49,Post-graduate degree,"More than $200,000",South,Metropolitan,White,No,Democrat,,I voted,Kamala Harris
4551141d-b029-489d-82f9-2ab4f83f4b75,1.292357339,Male,50-64,High school graduate or GED,"$100,000 to under $150,000",South,Metropolitan,White,No,Republican,,I voted,Donald Trump
21140d67-5471-4a3f-af3a-73840aa20cf7,0.609549221,Female,30-49,Some high school or less,"Less than $15,000",South,Metropolitan,White,No,Republican,,I voted,Donald Trump
06fafd33-df3e-4e8c-818d-a49a1be6b31a,1.119247258,Male,18-29,High school graduate or GED,"$15,000 to under $50,000",Northeast,Metropolitan,White,No,Democrat,,I voted,Kamala Harris
6a14e37e-e821-4e36-bdeb-e006a03b5d14,0.684613417,Female,30-49,"Some college, no degree","$15,000 to under $50,000",South,Metropolitan,White,No,Democrat,,I was not registered to vote,
d94b2326-18a3-4294-ac40-6d3c99853434,0.790298631,Male,65+,Post-graduate degree,"$75,000 to under $100,000",West,Metropolitan,White,No,Independent,The Democratic Party,I voted,Kamala Harris
3806fc31-c8b9-4c78-ad0f-9ef81ad9d90a,0.827831585,Male,65+,2-year or associate degree,"$75,000 to under $100,000",Midwest,Metropolitan,White,No,Independent,Neither,I voted,Kamala Harris
acf33740-023d-4f34-96b9-e9f4bc8b698c,0.982198878,Female,30-49,High school graduate or GED,"$15,000 to under $50,000",South,Metropolitan,White,No,Other or none,Neither,I did not vote,
038436b2-ebf3-40ae-8c46-1eb5e183aebe,0.883619561,Male,50-64,2-year or associate degree,"$50,000 to under $75,000",Northeast,Metropolitan,Native American or American Indian,Yes,Democrat,,I voted,Kamala Harris
00ba68ae-02dc-47b6-9709-93b5899e04d0,0.759133541,Female,65+,High school graduate or GED,"Less than $15,000",Midwest,Metropolitan,White,No,Republican,,I voted,Donald Trump
6dce6339-b09b-43d1-930a-de0d7049355f,0.884635406,Female,65+,2-year or associate degree,"$75,000 to under $100,000",West,Metropolitan,White,No,Republican,,I voted,Donald Trump
b334485a-7d28-4dd4-a87f-de35445e2109,1.112721253,Male,50-64,High school graduate or GED,"$15,000 to under $50,000",South,Non-metro,Black or African-American,No,Independent,Neither,I did not vote,
7dbf00a3-0575-4d38-a9c7-acd6a4701116,0.811003597,Female,30-49,"Some college, no degree","$15,000 to under $50,000",Northeast,Metropolitan,White,No,Republican,,I did not vote,
d7f75576-2eb1-4d73-a2d2-79904c79433e,0.985847958,Male,30-49,"Some college, no degree","$15,000 to under $50,000",West,Metropolitan,White,Yes,Democrat,,I did not vote,
fa4dac0f-4cfd-42bb-8bd3-6da94b40b7e1,1.191135939,Female,50-64,2-year or associate degree,"$75,000 to under $100,000",Northeast,Metropolitan,White,No,Independent,The Democratic Party,I voted,Someone else
a4b24524-2291-4220-9f56-bcce91706fc6,0.701041399,Female,65+,Post-graduate degree,"$100,000 to under $150,000",Northeast,Metropolitan,White,No,Democrat,,I voted,Kamala Harris
707d4cf0-3a3b-479e-aed6-43d520aff02a,0.936896904,Male,65+,Post-graduate degree,"$150,000 to under $200,000",West,Metropolitan,Some other race,No,Independent,Neither,I voted,Donald Trump
2637485d-fbbe-4a0a-bd54-870e95ee35e6,1.022867673,Male,30-49,"Some college, no degree","More than $200,000",Northeast,Metropolitan,Some other race,Yes,Republican,,I voted,Donald Trump
711deedf-cf9c-484b-b3d2-141f7ca73a98,0.659761552,Male,30-49,4-year or bachelor degree,"More than $200,000",South,Metropolitan,White,No,Democrat,,I voted,Kamala Harris
fd503964-da17-4d22-ac71-d1ca7e516a61,1.102630182,Female,50-64,High school graduate or GED,"$75,000 to under $100,000",Northeast,Metropolitan,White,No,Republican,,I voted,Donald Trump
93688533-b9a0-45b8-ac67-d5b4d22950a2,0.331792858,Female,30-49,2-year or associate degree,"Less than $15,000",South,Metropolitan,White,No,Independent,The Republican Party,I voted,Donald Trump
58155091-a655-4b4f-a69c-1c2dd4d4ff2b,0.738585926,Male,65+,High school graduate or GED,"$15,000 to under $50,000",Midwest,Metropolitan,White,No,Democrat,,I voted,Kamala Harris
6474a850-ef15-48da-877d-a13ac48e5c00,1.095351806,Female,65+,High school graduate or GED,"$50,000 to under $75,000",Northeast,Metropolitan,White,No,Democrat,,I voted,Kamala Harris
7ea488fa-38a3-49a8-a506-a81c2327a5c5,0.794798233,Male,30-49,Post-graduate degree,"$100,000 to under $150,000",Midwest,Metropolitan,White,No,Republican,,I voted,Donald Trump
2065a42e-641d-48a4-8363-72382f3103c2,0.790298631,Male,65+,Post-graduate degree,"More than $200,000",South,Metropolitan,White,No,Independent,The Republican Party,I voted,Kamala Harris
4c0a98cf-c080-4159-8df1-f81199ff75aa,0.908202041,Female,50-64,"Some college, no degree","$100,000 to under $150,000",South,Metropolitan,White,Yes,Republican,,I voted,Donald Trump
a608ebf3-6d31-405e-bc75-1044da2073f6,0.315361542,Female,50-64,"Some college, no degree","$15,000 to under $50,000",South,Non-metro,Black or African-American,No,Independent,Neither,I voted,Kamala Harris
64c0467a-3e4b-4c4c-9236-d022d7e10b5e,0.832544882,Male,30-49,"Some college, no degree","More than $200,000",West,Non-metro,White,No,Republican,,I voted,Donald Trump
7fe658d4-4d7b-4342-80c1-0f38cf24ccf7,1.748635786,Male,18-29,4-year or bachelor degree,"$50,000 to under $75,000",South,Metropolitan,Mixed race,No,Republican,,I voted,Donald Trump
3d2a4871-fe88-411d-bd72-bf17b544da29,0.710321431,Female,30-49,"Some college, no degree","$75,000 to under $100,000",South,Metropolitan,White,No,Republican,,I voted,Donald Trump
c5d2255e-5f77-4527-8c81-ae219fd0eb90,1.062723696,Female,50-64,High school graduate or GED,"$15,000 to under $50,000",Midwest,Metropolitan,White,No,Democrat,,I was not registered to vote,
60d4ca68-15a9-4bfc-bccc-36e162238aa6,1.360831043,Female,65+,Post-graduate degree,"$50,000 to under $75,000",South,Metropolitan,White,No,Independent,The Democratic Party,I was not registered to vote,
71e4c2bd-80dd-4943-8571-e239f28c9cb3,0.991497887,Male,30-49,High school graduate or GED,"$100,000 to under $150,000",Midwest,Metropolitan,White,No,Independent,The Democratic Party,I voted,Kamala Harris
c298fba1-bff6-48a7-a61b-9d22e4ba7621,0.472705946,Male,65+,Post-graduate degree,"$15,000 to under $50,000",Midwest,Metropolitan,White,No,Democrat,,I voted,Kamala Harris
21f1eee0-fe74-4182-84ee-9efe6fcc3529,1.23841585,Female,50-64,"Some college, no degree","$50,000 to under $75,000",South,Metropolitan,White,No,Democrat,,I did not vote,
da504882-7b74-453b-85c1-9b3e632e107c,1.111669777,Male,30-49,High school graduate or GED,"$15,000 to under $50,000",South,Non-metro,Black or African-American,No,Democrat,,I was not registered to vote,
a16ea60a-123d-4d79-a954-d5c97d9e53b1,0.989842945,Male,65+,4-year or bachelor degree,"$100,000 to under $150,000",Northeast,Metropolitan,White,No,Republican,,I voted,Donald Trump
39f58ea3-a5ee-48d0-8239-bf5acca08a61,0.757264209,Female,65+,High school graduate or GED,"$15,000 to under $50,000",West,Metropolitan,White,Yes,Independent,The Republican Party,I voted,Donald Trump
16d9d0fa-6ad2-428b-b31f-2fb57ed0c8c4,1.039547872,Male,18-29,High school graduate or GED,"Less than $15,000",South,Metropolitan,Black or African-American,No,Democrat,,I voted,Kamala Harris
1b0dbf63-0385-4292-a7d7-bee97b7c1c02,1.445712018,Male,18-29,4-year or bachelor degree,"Less than $15,000",Northeast,Metropolitan,White,No,Democrat,,I did not vote,
5ed1a384-66b7-4feb-9c5c-4087beff0d87,2.404015579,Female,18-29,Post-graduate degree,"$50,000 to under $75,000",West,Non-metro,Mixed race,No,Independent,The Democratic Party,I voted,Someone else
7d623c21-7ede-4f07-b30f-1005f71d86e8,0.494910005,Female,30-49,High school graduate or GED,"Less than $15,000",Midwest,Non-metro,White,No,Other or none,Neither,I voted,Donald Trump
d48829a2-d833-44c8-8f0c-33fc0a2e6ef3,0.905219718,Male,30-49,4-year or bachelor degree,"$15,000 to under $50,000",South,Metropolitan,White,Yes,Independent,The Democratic Party,I did not vote,
1aac07b9-9917-4cec-8f30-0fb96122e247,0.790298631,Male,65+,Post-graduate degree,"$100,000 to under $150,000",South,Metropolitan,White,No,Independent,Neither,I voted,Kamala Harris
0370ffa4-6de6-4d6d-bc58-9e919aefa696,1.341523572,Male,30-49,2-year or associate degree,"$100,000 to under $150,000",West,Metropolitan,White,No,Independent,Neither,I voted,Someone else
a95b3745-29c5-4cfd-b02f-20c82a096750,0.323838835,Female,30-49,4-year or bachelor degree,"$15,000 to under $50,000",Midwest,Metropolitan,White,No,Democrat,,I voted,Kamala Harris
9ea6d6a9-3b33-4ffc-834e-82c7badf9d1f,1.5257334,Male,30-49,High school graduate or GED,"$50,000 to under $75,000",South,Non-metro,White,Yes,Republican,,I voted,Donald Trump
43468292-abc9-4cf5-83a6-d7959a79bc16,1.069497781,Male,30-49,2-year or associate degree,"$50,000 to under $75,000",South,Non-metro,White,No,Republican,,,
8e99136b-eb79-4870-858a-013f0bed011f,0.809006537,Female,30-49,"Some college, no degree","$15,000 to under $50,000",South,Metropolitan,White,Yes,Independent,The Republican Party,I did not vote,
6e20f053-70d2-4e0f-b8a5-29c143b9022d,0.596501743,Male,65+,"Some college, no degree","$15,000 to under $50,000",Midwest,Non-metro,White,No,Republican,,I voted,Donald Trump
f541b455-8f92-4312-b7e2-3a127e7a2067,0.725115871,Female,50-64,2-year or associate degree,"$50,000 to under $75,000",West,Metropolitan,White,Yes,Other or none,The Democratic Party,I voted,Kamala Harris
a00096b5-0cfc-4973-abd5-a7b0d2bf1625,0.705699668,Female,50-64,Post-graduate degree,"$75,000 to under $100,000",South,Metropolitan,White,No,Republican,,I voted,Donald Trump
f068b72c-d0d9-41a4-927f-3cb506258061,0.830464438,Female,65+,Post-graduate degree,"$50,000 to under $75,000",Northeast,Metropolitan,White,No,Republican,,I voted,Kamala Harris
a99c894e-e55c-46d8-a648-7ba63365d62d,0.722417687,Male,65+,High school graduate or GED,"$15,000 to under $50,000",Northeast,Metropolitan,White,No,Independent,The Republican Party,I voted,Donald Trump
d055fc9e-89ad-4efb-a5b9-e8c1f6593759,0.705699668,Female,50-64,4-year or bachelor degree,"$100,000 to under $150,000",South,Metropolitan,White,No,Republican,,I voted,Donald Trump
b99986e7-30a2-475c-9b2a-05f32a25b9b8,1.545074947,Male,18-29,2-year or associate degree,"$75,000 to under $100,000",West,Metropolitan,White,No,Republican,,I voted,Kamala Harris
0560b58b-3a46-40cd-9c45-41fafa08df7d,0.790298631,Male,65+,4-year or bachelor degree,"$150,000 to under $200,000",South,Non-metro,White,No,Independent,The Democratic Party,I voted,Kamala Harris
ee161d32-5c88-4de7-be66-2fc55c7b8adc,0.596501743,Male,65+,2-year or associate degree,"$15,000 to under $50,000",West,Metropolitan,White,No,Republican,,I voted,Donald Trump
7c818c6e-fc86-49bc-b472-e10ff42a24d3,0.664710582,Male,30-49,"Some college, no degree","$150,000 to under $200,000",South,Metropolitan,White,No,Independent,The Democratic Party,I voted,Kamala Harris
2a702749-14a0-459c-b5e6-4a4e4cf3dca5,0.686598359,Male,50-64,Post-graduate degree,"More than $200,000",South,Metropolitan,White,No,Democrat,,I voted,Kamala Harris
fc9290fd-1d56-46f1-adcc-8318ec92d721,0.821668055,Male,65+,Post-graduate degree,"$50,000 to under $75,000",West,Metropolitan,White,No,Democrat,,I voted,Kamala Harris
483bc03f-560a-4d39-bf95-ae9a6509aa7d,0.827127862,Male,50-64,4-year or bachelor degree,"$75,000 to under $100,000",South,Non-metro,White,No,Republican,,I voted,Donald Trump
ddfd0da0-9cc9-4a93-8006-78eec4a5a646,1.245149257,Male,18-29,Post-graduate degree,"$50,000 to under $75,000",South,Metropolitan,White,No,Democrat,,I voted,Kamala Harris
85d0add7-d648-48e0-9e48-b5351f314102,0.724430666,Female,30-49,2-year or associate degree,"$50,000 to under $75,000",West,Metropolitan,Mixed race,Yes,Democrat,,I voted,Kamala Harris
7df96999-babd-45d7-ac21-32dcb74b669a,1.49298555,Male,30-49,4-year or bachelor degree,"$75,000 to under $100,000",West,Metropolitan,Some other race,No,Independent,Neither,I did not vote,
1ec85bf1-c602-4e65-898f-d34228d40ef1,0.866409914,Male,50-64,"Some college, no degree","$50,000 to under $75,000",Midwest,Metropolitan,White,No,Republican,,I voted,Donald Trump
269b6b04-bb2c-458e-a578-dd8a60cf1481,0.600189134,Female,50-64,"Some college, no degree","$50,000 to under $75,000",South,Non-metro,White,No,Other or none,The Republican Party,I voted,Donald Trump
23bdbf1a-eef8-43cf-8c6a-a6d429d99fc7,0.739214838,Female,50-64,2-year or associate degree,"$50,000 to under $75,000",South,Metropolitan,White,No,Republican,,I voted,Donald Trump
c9b1b861-e29a-4727-b17b-a95685d977a8,1.209711978,Female,30-49,High school graduate or GED,"$15,000 to under $50,000",South,Metropolitan,White,No,Republican,,I was not registered to vote,
e33b903f-5548-46bd-882b-c0edef2eb289,0.607034114,Female,30-49,4-year or bachelor degree,"$15,000 to under $50,000",Midwest,Metropolitan,Black or African-American,No,Democrat,,I was not registered to vote,
a3a14117-a522-4813-8ce6-40023ecfb82a,0.827127862,Male,50-64,Post-graduate degree,"More than $200,000",Northeast,Metropolitan,White,No,Republican,,I voted,Donald Trump
b73e6692-6cae-4579-b55d-9c75e7ce87a7,0.734609178,Female,65+,High school graduate or GED,"$15,000 to under $50,000",Midwest,Metropolitan,Some other race,No,Democrat,,I voted,Kamala Harris
c40cfa53-904a-4d80-b6c6-398414444853,0.710321431,Female,30-49,2-year or associate degree,"$75,000 to under $100,000",South,Metropolitan,White,No,Republican,,I voted,Donald Trump
0f49be45-6398-4419-bc3f-10179949eb35,1.367197441,Female,18-29,"Some college, no degree","$100,000 to under $150,000",Northeast,Metropolitan,White,Yes,Democrat,,I voted,Kamala Harris
f59e4508-92a4-4b85-bee0-787585e21d5b,0.803681081,Male,65+,4-year or bachelor degree,"$150,000 to under $200,000",Northeast,Metropolitan,White,No,Independent,The Republican Party,I voted,Donald Trump
80bcaf55-3bd6-4b4f-9dfa-a94249167b40,1.102630182,Female,50-64,High school graduate or GED,"$50,000 to under $75,000",Midwest,Metropolitan,White,No,Republican,,I voted,Donald Trump
89394a26-ac7a-4327-a756-bbed068e275c,1.676049169,Female,65+,Post-graduate degree,"More than $200,000",South,Metropolitan,White,No,Republican,,I voted,Someone else
e85976d7-ad7d-4cf0-af90-964f11415d1b,0.844527031,Female,65+,4-year or bachelor degree,"$75,000 to under $100,000",West,Metropolitan,White,No,Republican,,I voted,Donald Trump
c35a9690-4315-4f69-9392-01f57068b298,0.686598359,Male,50-64,Post-graduate degree,"More than $200,000",West,Metropolitan,White,No,Democrat,,I voted,Kamala Harris
218d51c6-b24f-471d-bc52-0a0c0a4dc687,1.064474374,Male,50-64,2-year or associate degree,"$50,000 to under $75,000",Midwest,Metropolitan,White,Yes,Republican,,I voted,Donald Trump
228c381c-3ec4-4948-972c-a3cc34b3c04b,0.811003597,Female,30-49,"Some college, no degree","$15,000 to under $50,000",South,Non-metro,White,No,Republican,,I was not registered to vote,
c781ed44-3923-4b56-b394-5e3ebfa57af2,0.613621808,Female,50-64,"Some college, no degree","$50,000 to under $75,000",South,Metropolitan,White,No,Democrat,,I voted,Kamala Harris
dd2c0137-2787-4810-aef3-f7efc5e8a290,0.81335499,Male,50-64,4-year or bachelor degree,"$75,000 to under $100,000",South,Metropolitan,White,No,Republican,,I voted,Kamala Harris
28736ca6-0e56-4a4e-9a8e-da326d8e844f,0.485856724,Female,65+,4-year or bachelor degree,"Less than $15,000",Midwest,Metropolitan,White,No,Republican,,I voted,Donald Trump
6170b15e-a787-40b7-9e4d-316931a4df32,0.315063538,Female,30-49,"Some college, no degree","Less than $15,000",South,Metropolitan,Black or African-American,No,Democrat,,I voted,Kamala Harris
5ef72622-abd2-44f5-bd0e-c7c57af109f7,0.912258436,Female,30-49,High school graduate or GED,"Less than $15,000",South,Metropolitan,Black or African-American,No,Independent,Neither,I voted,Someone else
3ca41445-b6bf-4c52-8bb4-5d5fb65d3551,0.606098372,Female,65+,High school graduate or GED,"$15,000 to under $50,000",Midwest,Metropolitan,White,No,Independent,The Democratic Party,I voted,Kamala Harris
35732c05-7d3a-475e-93ca-302d39539f8e,0.692239933,Female,50-64,Post-graduate degree,"$100,000 to under $150,000",South,Metropolitan,Mixed race,Yes,Independent,The Democratic Party,I voted,Kamala Harris
a00355e2-3e59-4d8d-9d42-b38eb38f9790,0.860263647,Female,30-49,High school graduate or GED,"$50,000 to under $75,000",South,Metropolitan,White,No,Independent,Neither,I voted,Donald Trump
79843d7a-5298-4f8e-94e5-e5d3ba8eebbc,2.160935992,Female,18-29,Some high school or less,"Less than $15,000",South,Metropolitan,Native American or American Indian,No,Independent,Neither,I did not vote,
58a36d11-d73e-4d61-99af-99c1d3d1cf79,0.613621808,Female,50-64,"Some college, no degree","$75,000 to under $100,000",Midwest,Metropolitan,White,No,Democrat,,I voted,Kamala Harris
a7d84aaf-c698-486b-a41b-d2801b7b8c4a,1.191135939,Female,50-64,"Some college, no degree","$50,000 to under $75,000",South,Metropolitan,White,No,Other or none,The Democratic Party,I did not vote,
a8317cb1-5e11-4890-8e17-3b69eb62f1e2,0.580768246,Male,65+,4-year or bachelor degree,"$15,000 to under $50,000",South,Metropolitan,White,Yes,Democrat,,I voted,Kamala Harris
f9fb8430-f72b-4d9b-9a03-a3e1365dc638,0.777355542,Female,30-49,Post-graduate degree,"More than $200,000",Northeast,Metropolitan,Asian or Asian-American,No,Republican,,I voted,Kamala Harris
5a179cce-20ca-49cd-9568-40eb2acad88b,0.691585794,Female,30-49,4-year or bachelor degree,"$100,000 to under $150,000",Northeast,Metropolitan,Mixed race,Yes,Democrat,,I voted,Kamala Harris
d0878644-6675-4ed5-93d9-2da27a0bf0f4,2.102748436,Female,30-49,High school graduate or GED,"$50,000 to under $75,000",Midwest,Metropolitan,White,No,Republican,,I did not vote,
c519c452-7baf-4764-a5c3-a4b2cb7f7c13,0.469956159,Female,30-49,Some high school or less,"$15,000 to under $50,000",South,Metropolitan,Black or African-American,No,Democrat,,I voted,Kamala Harris
cc6737cb-2632-4688-9c60-6041a5a171b4,0.98139212,Male,65+,2-year or associate degree,"$75,000 to under $100,000",West,Metropolitan,Asian or Asian-American,No,Independent,Neither,I voted,Donald Trump
b0a4bf74-b8e7-413e-92eb-183aeb155fb0,0.982198878,Female,30-49,High school graduate or GED,"$15,000 to under $50,000",Midwest,Metropolitan,White,No,Independent,Neither,I did not vote,
c58c4edb-23f3-4ca1-b6a4-a01e7ddc38f7,0.827127862,Male,50-64,4-year or bachelor degree,"$75,000 to under $100,000",Midwest,Metropolitan,White,No,Republican,,I voted,Donald Trump
ca7fa81a-c993-4909-970a-6173fef08eae,0.822674379,Female,50-64,4-year or bachelor degree,"More than $200,000",West,Metropolitan,Asian or Asian-American,No,Republican,,I voted,Donald Trump
cffe61f2-78ee-4ecf-8381-ee66935e566c,1.069228744,Male,30-49,Some high school or less,"Less than $15,000",South,Metropolitan,Black or African-American,No,Other or none,The Democratic Party,I did not vote,
0cff2962-5607-49d8-9586-e81551b4d75f,0.671568169,Male,50-64,4-year or bachelor degree,"$100,000 to under $150,000",South,Non-metro,White,No,Independent,Neither,I voted,Donald Trump
ebd4f1a7-2380-4c79-898c-564816898bf8,0.710321431,Female,30-49,"Some college, no degree","$100,000 to under $150,000",South,Non-metro,White,No,Republican,,I voted,Donald Trump
47a8a9da-d405-4d1c-9f82-f78749994e29,0.505986455,Female,30-49,High school graduate or GED,"$15,000 to under $50,000",Midwest,Non-metro,White,No,Democrat,,I voted,Kamala Harris
5df1150d-8a08-453d-9c74-bca1d735bca3,0.739214838,Female,50-64,2-year or associate degree,"$50,000 to under $75,000",Midwest,Metropolitan,White,No,Republican,,I voted,Donald Trump
d2273bbc-aee7-4499-b856-785d63d80220,1.180902842,Male,65+,2-year or associate degree,"$15,000 to under $50,000",South,Metropolitan,Native American or American Indian,Yes,Independent,Neither,I did not vote,
0e733df0-8ebf-471f-baeb-c04aeaf6d7c3,0.585800885,Female,50-64,4-year or bachelor degree,"$100,000 to under $150,000",Midwest,Metropolitan,White,No,Democrat,,I voted,Kamala Harris
275dd81d-8316-437c-aeeb-23c32a42f14e,0.562903911,Female,30-49,4-year or bachelor degree,"$100,000 to under $150,000",Northeast,Metropolitan,White,No,Democrat,,I voted,Kamala Harris
80f718b7-78c2-4047-b791-687cbdc35d61,0.37459052,Female,65+,4-year or bachelor degree,"$15,000 to under $50,000",South,Metropolitan,Black or African-American,No,Democrat,,I voted,Kamala Harris
96fc3bb7-b3f9-4f9f-b579-5a946b18e45c,0.526568225,Female,50-64,Some high school or less,"$15,000 to under $50,000",Northeast,Metropolitan,White,No,Democrat,,I voted,Kamala Harris
e5b3e26c-d2c1-4625-bdec-cc8066485486,0.691585794,Female,30-49,4-year or bachelor degree,"$100,000 to under $150,000",Northeast,Metropolitan,White,Yes,Democrat,,I voted,Kamala Harris
8648dc16-5362-492d-a88d-2ce2c6a3b11b,0.634343565,Female,50-64,High school graduate or GED,"$15,000 to under $50,000",Northeast,Metropolitan,White,No,Republican,,I voted,Donald Trump
2a886824-8b3a-4d07-a7b0-7cf961dfea7f,0.706300079,Female,65+,"Some college, no degree","$50,000 to under $75,000",,,White,No,Independent,The Democratic Party,I voted,Kamala Harris
9d36c4ba-f75d-4cc9-9c70-e5406c760f47,1.279789568,Female,18-29,Post-graduate degree,"More than $200,000",Midwest,Metropolitan,White,No,Republican,,I voted,Donald Trump
202dd3d9-99b5-4ef7-b78c-56619eecccd6,2.00631184,Female,18-29,"Some college, no degree","$100,000 to under $150,000",South,Metropolitan,Black or African-American,No,Independent,Neither,I voted,Someone else
b569aeba-c86b-42c7-abdf-17d73f31f49d,0.676446425,Female,30-49,Post-graduate degree,"$150,000 to under $200,000",South,Non-metro,Mixed race,Yes,Independent,The Republican Party,I voted,Donald Trump
78f0a824-ac99-438f-9b90-891cfe0a5716,1.319542911,Female,65+,High school graduate or GED,"$100,000 to under $150,000",Midwest,Metropolitan,White,No,Republican,,I voted,Donald Trump
17fc1da8-c5c8-45ea-8258-3f37d6c19c22,0.416765239,Female,30-49,"Some college, no degree","$15,000 to under $50,000",West,Metropolitan,White,Yes,Democrat,,I voted,Kamala Harris
0c0be7a7-e7f9-4b46-b35d-9d35f70bf0c2,2.00104801,Male,30-49,High school graduate or GED,"$50,000 to under $75,000",South,Metropolitan,White,No,Independent,The Democratic Party,I did not vote,
d2ed28b1-b55a-4f73-8d5f-a98ebb1f516e,0.609549221,Female,30-49,High school graduate or GED,"Less than $15,000",West,Metropolitan,White,No,Republican,,I voted,Donald Trump
b43924b3-a276-4150-9bf3-7daf80180c27,1.062723696,Female,50-64,Some high school or less,"Less than $15,000",Midwest,Metropolitan,White,No,Democrat,,I was not registered to vote,
5cd7c5fa-1f23-476a-a096-1e7c15d6b83d,0.691095024,Male,30-49,"Some college, no degree","$100,000 to under $150,000",South,Metropolitan,White,No,Democrat,,I voted,Kamala Harris
cde08afe-592c-4859-a0b8-b13b1d515df6,1.292357339,Male,50-64,High school graduate or GED,"$100,000 to under $150,000",Midwest,Non-metro,White,No,Republican,,I voted,Donald Trump
839e6710-47fc-49a8-a046-5711cb5058d3,1.128443779,Female,18-29,High school graduate or GED,"$15,000 to under $50,000",Midwest,Non-metro,Native American or American Indian,Yes,Independent,Neither,I voted,Kamala Harris
89c8c6a7-cb35-4410-857f-9702144a4b6c,0.982198878,Female,30-49,High school graduate or GED,"Less than $15,000",South,Non-metro,White,No,Independent,Neither,I did not vote,
5c749247-fb67-496e-981d-940eb94a4cfe,0.676446425,Female,30-49,4-year or bachelor degree,"$150,000 to under $200,000",West,Metropolitan,Some other race,Yes,Other or none,Neither,I voted,Donald Trump
41f82961-0c14-4fb6-b65e-114500af94e1,1.5257334,Male,30-49,High school graduate or GED,"$100,000 to under $150,000",Northeast,Metropolitan,Some other race,Yes,Republican,,I voted,Donald Trump
949b8ad5-e67b-4880-a16c-b1addcee5cdf,0.609549221,Female,30-49,High school graduate or GED,"Less than $15,000",West,Metropolitan,White,No,Republican,,I voted,Donald Trump
74ea2e64-ecc2-4c8d-a687-53214ce2b205,0.685695039,Female,65+,4-year or bachelor degree,"$150,000 to under $200,000",Northeast,Metropolitan,White,No,Independent,The Democratic Party,I voted,Donald Trump
e3299d89-f2b7-4349-a3a7-86e3dd20fc7d,0.656829893,Female,50-64,Post-graduate degree,"$100,000 to under $150,000",Northeast,Metropolitan,Mixed race,No,Independent,Neither,I voted,Kamala Harris
715180d8-fa73-47da-882b-eae52e9c89f3,0.827127862,Male,50-64,4-year or bachelor degree,"$100,000 to under $150,000",West,Metropolitan,White,No,Republican,,I voted,Donald Trump
912d60f1-00bb-4c1f-bfa4-369838a61899,0.606098372,Female,65+,Some high school or less,"$15,000 to under $50,000",West,Metropolitan,White,No,Independent,Neither,I voted,Kamala Harris
0ed8d50c-53c4-4e4f-99d6-95e5586bfbd3,0.706300079,Female,65+,2-year or associate degree,"$50,000 to under $75,000",West,Metropolitan,White,No,Independent,The Democratic Party,I voted,Kamala Harris
407024fc-872b-4185-9fca-b884bd60d5e0,0.678116256,Female,30-49,4-year or bachelor degree,"$50,000 to under $75,000",West,Metropolitan,White,No,Republican,,I voted,Donald Trump
e12170bf-903b-4509-89d0-59420e88c5ad,0.311475402,Female,30-49,Post-graduate degree,"Less than $15,000",Midwest,Metropolitan,White,No,Independent,The Democratic Party,I voted,Kamala Harris
171a79c1-97b3-497d-9bd8-e2abc60bc9f2,0.613621808,Female,50-64,"Some college, no degree","$50,000 to under $75,000",West,Metropolitan,White,No,Democrat,,I voted,Kamala Harris
c46df217-a9f0-4183-8db7-1b6b9de114f8,0.989842945,Male,65+,Post-graduate degree,"$75,000 to under $100,000",West,Metropolitan,White,No,Republican,,I voted,Donald Trump
873816cf-40ec-4840-886b-040fd7602748,0.585800885,Female,50-64,4-year or bachelor degree,"$75,000 to under $100,000",Northeast,Metropolitan,White,No,Democrat,,I voted,Kamala Harris
3f899c32-d503-481b-9e1b-0c2f9a206a97,1.400532249,Female,50-64,4-year or bachelor degree,"$75,000 to under $100,000",Midwest,Metropolitan,White,No,Republican,,I voted,Someone else
7e263418-7c20-45d4-b660-7a42a8faa2f9,0.685695039,Female,65+,4-year or bachelor degree,"$150,000 to under $200,000",Midwest,Metropolitan,White,No,Independent,The Republican Party,I voted,Donald Trump
92864a7d-f8ed-4b49-a530-4dc02f504f1f,0.794798233,Male,30-49,4-year or bachelor degree,"$100,000 to under $150,000",West,Metropolitan,White,No,Republican,,I voted,Donald Trump
b5434c7c-d826-440b-8541-54b7ba360e36,1.707280073,Female,30-49,High school graduate or GED,"$100,000 to under $150,000",Midwest,Metropolitan,White,No,Independent,Neither,I did not vote,
7759653b-045f-4a93-9bbf-44eca618b5ee,0.810585445,Male,30-49,4-year or bachelor degree,"$100,000 to under $150,000",West,Metropolitan,White,Yes,Democrat,,I voted,Kamala Harris
cb5e0c8b-744a-4342-91af-76307859e476,0.982198878,Female,30-49,High school graduate or GED,"$15,000 to under $50,000",Midwest,Non-metro,White,No,Other or none,Neither,I did not vote,
dacea465-2f71-44ab-94d5-ae4205fe203b,0.860263647,Female,30-49,High school graduate or GED,"$100,000 to under $150,000",Midwest,Metropolitan,White,No,Independent,Neither,I voted,Donald Trump
d1329e96-303e-4f22-929e-25e7d9005e64,0.678116256,Female,30-49,4-year or bachelor degree,"$50,000 to under $75,000",South,Non-metro,White,No,Republican,,I voted,Donald Trump
310f88b2-8678-4be0-ae2d-217ff3f734e0,0.485856724,Female,65+,4-year or bachelor degree,"$15,000 to under $50,000",South,Metropolitan,White,No,Republican,,I voted,Donald Trump
a88d5cf9-b2bf-475f-a369-415bd76ba3b0,1.964443273,Male,65+,Post-graduate degree,"More than $200,000",South,Metropolitan,White,No,Republican,,I voted,Someone else
64d6267f-379a-4b27-9b8f-533a3e070a8f,1.29545382,Male,30-49,2-year or associate degree,"$150,000 to under $200,000",Midwest,Metropolitan,Black or African-American,No,Democrat,,I did not vote,
ecf707d6-c381-4a3a-a143-ece8bd255845,1.697003536,Female,18-29,High school graduate or GED,,Midwest,Metropolitan,White,No,Republican,,I voted,Donald Trump
922ba221-f97a-48f8-86f3-2d2a574c592a,0.68204477,Female,65+,"Some college, no degree","$50,000 to under $75,000",South,Non-metro,Black or African-American,No,Democrat,,I voted,Kamala Harris
c47ca45b-acc0-4189-a0a4-2c2d4ad51ec0,0.799353842,Female,65+,Post-graduate degree,"$75,000 to under $100,000",South,Metropolitan,Mixed race,No,Independent,The Republican Party,I voted,Donald Trump
a4cb5b95-89af-455e-84ad-a5b790c47381,0.716334843,Male,18-29,4-year or bachelor degree,"$15,000 to under $50,000",Northeast,Metropolitan,White,No,Democrat,,I voted,Kamala Harris
e37aa4ad-0425-4d57-8908-7baa23286b16,1.388575146,Female,50-64,"Some college, no degree","$50,000 to under $75,000",South,Metropolitan,Asian or Asian-American,No,Independent,The Republican Party,I did not vote,
605d8fc5-1f6d-4828-a0b7-e46265bd9a2d,1.776726292,Female,50-64,High school graduate or GED,"$50,000 to under $75,000",Midwest,Metropolitan,White,No,Independent,The Republican Party,I did not vote,
9254e868-1a75-403b-91fd-d79f4616a862,1.935025526,Female,18-29,High school graduate or GED,"$150,000 to under $200,000",West,Metropolitan,Asian or Asian-American,No,Democrat,,I voted,Kamala Harris
5e6af2e5-48e2-475d-9a91-9e124063c1cd,1.206733117,Female,30-49,High school graduate or GED,"$15,000 to under $50,000",South,Non-metro,White,Yes,Other or none,Neither,I did not vote,
05685bfe-4997-4902-8614-76c251410203,0.569457024,Male,65+,4-year or bachelor degree,"$15,000 to under $50,000",Midwest,Metropolitan,White,No,Republican,,I voted,Donald Trump
7b7f9430-08c0-47da-8ddf-97569ad65b5f,1.009504364,Male,65+,Post-graduate degree,"$75,000 to under $100,000",West,Metropolitan,Mixed race,Yes,Democrat,,I voted,Kamala Harris
074de706-03b1-4517-a079-558cadc3cacd,0.723313016,Female,,,,,,,,,,I voted,Donald Trump
780e76aa-7a8a-40aa-9f3b-38fd82a90a6c,1.697991218,Male,18-29,"Some college, no degree","$15,000 to under $50,000",Northeast,Metropolitan,Asian or Asian-American,No,Independent,The Democratic Party,I voted,Someone else
d65ee842-e4fa-4473-95c5-47d800cfebaf,0.705699668,Female,50-64,4-year or bachelor degree,"$50,000 to under $75,000",South,Metropolitan,White,No,Republican,,I voted,Donald Trump
282ef996-2cbd-4120-9622-79ff8f29b1ec,0.949365939,Female,50-64,High school graduate or GED,"$15,000 to under $50,000",South,Metropolitan,Black or African-American,No,Other or none,Neither,I did not vote,
dfac3858-c5a2-48c6-a28a-47a54ef380f8,1.40623327,Female,30-49,"Some college, no degree","$50,000 to under $75,000",Northeast,Metropolitan,Black or African-American,Yes,Independent,The Democratic Party,I did not vote,
94c3f763-9f12-4105-a3c2-3edf6b727f6e,1.306183125,Male,18-29,Some high school or less,"Less than $15,000",Northeast,Metropolitan,Black or African-American,No,Independent,Neither,,
2158498e-31c8-4210-8835-5bb4e956eee3,1.076516934,Male,18-29,High school graduate or GED,"Less than $15,000",West,Metropolitan,White,No,Other or none,Neither,I voted,Kamala Harris
7dd57ca6-3b81-4d78-8777-eab9dbb8a160,1.396092088,Male,50-64,"Some college, no degree","$50,000 to under $75,000",West,Metropolitan,White,No,Other or none,The Republican Party,I did not vote,
3a106342-756d-46ba-8b58-3d0b3015f30e,1.491923741,Female,18-29,4-year or bachelor degree,"$50,000 to under $75,000",Northeast,Metropolitan,Some other race,No,Republican,,I voted,Donald Trump
4be0d1a5-7ebe-45d1-95a4-cc4d5a92e8f9,0.612781236,Male,30-49,Post-graduate degree,"More than $200,000",South,Metropolitan,Black or African-American,No,Democrat,,I voted,Kamala Harris
fb964265-ccda-4746-9910-656902d57f72,0.572977233,Female,50-64,4-year or bachelor degree,"$50,000 to under $75,000",West,Metropolitan,White,No,Independent,The Republican Party,I voted,Donald Trump
66c1450c-ca90-47a1-91f9-f30c2e67f62f,0.896638619,,30-49,Post-graduate degree,"More than $200,000",West,Metropolitan,White,Yes,Republican,,I voted,Donald Trump
1bb18a11-27d5-421a-9ce1-c4bbc7fae74c,0.442476005,Male,30-49,4-year or bachelor degree,"$15,000 to under $50,000",West,Metropolitan,Asian or Asian-American,No,Democrat,,I voted,Kamala Harris
dfc1cdae-03a4-4e29-807d-6ed698fca0e8,0.936896904,Male,65+,Post-graduate degree,"$75,000 to under $100,000",Midwest,Metropolitan,Some other race,No,Other or none,Neither,I voted,Donald Trump
1a842ab9-af2a-4dc0-a699-11b4a10a33ab,0.324145139,Female,50-64,4-year or bachelor degree,"$15,000 to under $50,000",South,Metropolitan,White,No,Independent,The Democratic Party,I voted,Kamala Harris
159f7e44-4438-4eb7-a420-9ba817e3643c,0.603663237,Male,50-64,High school graduate or GED,"$15,000 to under $50,000",South,Metropolitan,White,No,Independent,The Republican Party,I voted,Donald Trump
6f856fff-8ce4-4b0a-a24f-0454f2e7bb9e,0.508931087,Female,65+,"Some college, no degree","$15,000 to under $50,000",West,Metropolitan,White,No,Republican,,I voted,Donald Trump
781c972d-cbec-4648-92eb-4b2b5aaa6f97,1.062723696,Female,50-64,High school graduate or GED,"Less than $15,000",Northeast,Metropolitan,White,No,Democrat,,I did not vote,
cda8139f-b8a1-4e21-a870-174e81cb463d,0.794798233,Male,30-49,Post-graduate degree,"$100,000 to under $150,000",Northeast,Metropolitan,White,No,Republican,,I voted,Donald Trump
9489863e-04af-4569-915c-1305d47f5288,0.68204477,Female,65+,2-year or associate degree,"$50,000 to under $75,000",South,Non-metro,Black or African-American,No,Democrat,,I voted,Kamala Harris
05a123a1-e5a5-4e39-b211-701c1b47caae,2.18289239,Female,50-64,High school graduate or GED,"$75,000 to under $100,000",South,Metropolitan,White,Yes,Independent,The Republican Party,I did not vote,
925003af-703a-4c2c-a3d7-c528f58dd604,0.78303471,Female,30-49,Some high school or less,"Less than $15,000",South,Metropolitan,White,No,Republican,,,
d8fb2930-5886-45f1-8bf2-858f95c5cc15,0.541413515,Female,30-49,4-year or bachelor degree,"$150,000 to under $200,000",Northeast,Metropolitan,White,No,Independent,The Democratic Party,I voted,Kamala Harris
196371d1-ec47-4599-8b73-058ce732fc91,0.872703496,Female,30-49,"Some college, no degree","More than $200,000",West,Metropolitan,White,Yes,Republican,,I voted,Donald Trump
bb9de59c-180f-41c2-b60f-8b69f35c341e,2.277433171,Female,18-29,Some high school or less,"Less than $15,000",South,Non-metro,White,Yes,Other or none,The Republican Party,I was not registered to vote,
244bc45d-730f-4770-bc3a-1ff996fb1f79,0.469956159,Female,30-49,High school graduate or GED,"Less than $15,000",South,Metropolitan,Black or African-American,No,Democrat,,I voted,Kamala Harris
a7b9b909-ddbd-44b1-87e7-24067a03003f,0.576729771,Female,30-49,2-year or associate degree,"$75,000 to under $100,000",West,Metropolitan,White,No,Independent,Neither,I voted,Donald Trump
62a588f0-fce5-4476-9b9b-dccf8ba253e6,1.254632128,Female,30-49,High school graduate or GED,"$15,000 to under $50,000",South,Metropolitan,White,Yes,Democrat,,I was not registered to vote,
b0ae5625-c133-452e-ba8c-e7d8c2dd055e,0.678116256,Female,30-49,4-year or bachelor degree,"$75,000 to under $100,000",West,Non-metro,White,No,Republican,,I voted,Donald Trump
5697be1f-6471-4e59-b41d-3908a273f14c,0.442894522,Male,50-64,4-year or bachelor degree,"$15,000 to under $50,000",West,Metropolitan,Asian or Asian-American,No,Independent,The Democratic Party,I voted,Kamala Harris
0ccfa673-b6e7-40e4-aabc-d64796555203,0.678116256,Female,30-49,4-year or bachelor degree,"$150,000 to under $200,000",Northeast,Metropolitan,White,No,Republican,,I voted,Donald Trump
43c4891a-d2af-4f31-8823-0a0c1885520b,0.522820636,Female,30-49,Post-graduate degree,"$75,000 to under $100,000",South,Metropolitan,Black or African-American,No,Democrat,,I voted,Kamala Harris
ef8d8a0c-fb14-4465-9446-28d529a1e3af,1.707280073,Female,30-49,High school graduate or GED,"$50,000 to under $75,000",South,Metropolitan,White,No,Independent,The Democratic Party,I did not vote,
6ef422be-4ea8-4fcc-b3a9-0b7887abdd9b,0.469956159,Female,30-49,High school graduate or GED,"$15,000 to under $50,000",South,Metropolitan,Black or African-American,No,Democrat,,I voted,Kamala Harris
47e79002-ae29-41bb-8a5b-bead1a42f38a,1.137131175,Female,50-64,4-year or bachelor degree,"$75,000 to under $100,000",South,Metropolitan,White,No,Independent,Neither,I was not registered to vote,
dfc87509-116f-4e29-9743-628fd3751efc,1.016212303,Male,50-64,4-year or bachelor degree,"$75,000 to under $100,000",South,Metropolitan,White,Yes,Republican,,I voted,Donald Trump
1fd8c5e0-6549-40d9-8714-945058aedb8f,0.719206367,Male,50-64,"Some college, no degree","$50,000 to under $75,000",Northeast,Metropolitan,White,No,Democrat,,I voted,Kamala Harris
0d6390a2-f041-41ca-bf61-d7e3a4df60e8,0.422818744,Other,50-64,Post-graduate degree,"$15,000 to under $50,000",South,Metropolitan,Mixed race,No,Democrat,,I voted,Kamala Harris
981a6285-cc05-473e-a17b-79452e16d44e,3.027971992,Male,30-49,High school graduate or GED,"$50,000 to under $75,000",West,Metropolitan,Some other race,Yes,Republican,,I did not vote,
83ee1d20-84f2-4cc9-83ed-004cbe47be66,1.196898558,Male,30-49,High school graduate or GED,"$15,000 to under $50,000",Midwest,Non-metro,White,No,Democrat,,I voted,Someone else
17d1eda1-8446-4919-b792-26fb1b7f8802,0.656209215,Female,30-49,Post-graduate degree,"$150,000 to under $200,000",West,Metropolitan,Asian or Asian-American,No,Democrat,,I voted,Kamala Harris
c7c0069a-fd22-4672-a950-ce73abbd67b6,0.324145139,Female,50-64,4-year or bachelor degree,"$15,000 to under $50,000",Midwest,Metropolitan,White,No,Other or none,Neither,I voted,Kamala Harris
3eac8d8e-f12d-4b97-b07d-aa6e30a7889e,0.327879228,Female,50-64,2-year or associate degree,"Less than $15,000",South,Metropolitan,Black or African-American,No,Democrat,,I voted,Kamala Harris
894ada33-edb7-4269-9fd1-8a2a1e95a730,0.705699668,Female,50-64,Post-graduate degree,"$75,000 to under $100,000",Northeast,Metropolitan,White,No,Republican,,I voted,Donald Trump
afab6613-5b51-4ef7-84a0-5759d9218ce2,0.645318841,Male,30-49,Post-graduate degree,"More than $200,000",West,Metropolitan,White,No,Other or none,The Republican Party,I voted,Donald Trump
f42a601a-f415-4005-af37-5e528b4d5036,2.062192574,Female,18-29,4-year or bachelor degree,"$100,000 to under $150,000",Northeast,Metropolitan,White,No,Independent,The Democratic Party,I did not vote,
ce922813-807e-484f-b6ae-026088507269,1.452538114,Female,50-64,4-year or bachelor degree,"More than $200,000",Midwest,Metropolitan,White,Yes,Democrat,,I did not vote,
bbb3664e-41c1-4d4f-aaa2-51f7d887b21d,1.340569482,Female,18-29,"Some college, no degree","$50,000 to under $75,000",West,Metropolitan,White,No,Republican,,I voted,Donald Trump
8803ddc3-eeef-4db2-b5d4-5f44e8cf3351,1.926144719,Male,30-49,2-year or associate degree,"$50,000 to under $75,000",South,Metropolitan,Asian or Asian-American,No,Republican,,I did not vote,
f1e4e729-3aea-4fa6-a1d5-cdf9f6294a9c,0.843992404,Female,50-64,"Some college, no degree","Less than $15,000",South,Metropolitan,White,No,Republican,,I did not vote,
f9d721fe-a67d-427f-8afc-5f62eb6f9521,0.701041399,Female,65+,Post-graduate degree,"$50,000 to under $75,000",West,Metropolitan,White,No,Democrat,,I voted,Kamala Harris
a176058e-a20f-45d9-a094-377df7383749,0.824311419,Male,30-49,4-year or bachelor degree,"$50,000 to under $75,000",West,Metropolitan,Mixed race,Yes,Democrat,,I voted,Donald Trump
bb68cb99-8e6b-4d45-86f2-8c93fb0a62a3,0.469956159,Female,30-49,High school graduate or GED,"Less than $15,000",Midwest,Metropolitan,Black or African-American,No,Democrat,,I voted,Kamala Harris
d65431d7-1d2e-4b7e-b7b2-b3c83819d22d,0.819263182,Female,30-49,Post-graduate degree,"$75,000 to under $100,000",Midwest,Metropolitan,White,Yes,Republican,,I voted,Kamala Harris
747ec25a-6598-414c-aca1-b26dada11cd4,0.569927012,Female,50-64,2-year or associate degree,"$150,000 to under $200,000",South,Metropolitan,Black or African-American,No,Democrat,,I voted,Kamala Harris
739d870a-8c49-4351-b6af-7762bdd7e6bb,0.611587623,Female,30-49,2-year or associate degree,"$15,000 to under $50,000",Midwest,Metropolitan,Black or African-American,No,Independent,Neither,I did not vote,
75eb1c30-c782-4b93-9678-82c1312cc867,0.507677867,Female,65+,"Some college, no degree","$15,000 to under $50,000",West,Metropolitan,White,Yes,Independent,The Republican Party,I voted,Donald Trump
c7056bba-197d-40ac-9699-dff8d992789d,1.255818826,Female,50-64,High school graduate or GED,"$15,000 to under $50,000",South,Metropolitan,White,Yes,Independent,Neither,I was not registered to vote,
b3f20cb9-58f7-4fd0-b78f-e2fa8c9d9d1b,1.305210246,Female,18-29,4-year or bachelor degree,"$50,000 to under $75,000",Northeast,Metropolitan,Black or African-American,Yes,Democrat,,I voted,Kamala Harris
8cc78dc1-4af6-4e79-a19e-bcb515f76bd2,0.7503551,Male,18-29,"Some college, no degree","$15,000 to under $50,000",Midwest,Metropolitan,White,No,Democrat,,I voted,Kamala Harris
01d88cd1-9c75-48f6-a685-20b580c5b7b7,0.827127862,Male,50-64,4-year or bachelor degree,"$75,000 to under $100,000",West,Metropolitan,White,No,Republican,,I voted,Donald Trump
e40a6602-f39a-41c2-9d37-7b41522b12b1,1.11280595,Female,18-29,"Some college, no degree","$50,000 to under $75,000",Northeast,Metropolitan,White,No,Democrat,,I voted,Kamala Harris
381ad47c-964d-4ad6-a620-587fd50b2942,1.151203684,Male,30-49,High school graduate or GED,"Less than $15,000",Midwest,Non-metro,White,No,Other or none,Neither,I did not vote,
bfa7c666-a468-452a-b4af-695fb5034614,1.237889154,Male,50-64,Post-graduate degree,"$50,000 to under $75,000",Northeast,Metropolitan,Black or African-American,No,Other or none,The Democratic Party,I did not vote,
3bfa1509-62cf-4520-905a-f7c1beb3f18c,0.66038559,Male,50-64,4-year or bachelor degree,"$50,000 to under $75,000",Northeast,Metropolitan,White,No,Independent,The Democratic Party,I voted,Kamala Harris
c4109664-45ea-42ce-ae3f-9c0e2ae55835,0.860690809,Male,65+,"Some college, no degree","$75,000 to under $100,000",West,Metropolitan,White,No,Democrat,,I voted,Kamala Harris
e5d504ae-3a0c-494b-89f9-94d4dac3ad29,1.130144965,Male,65+,4-year or bachelor degree,"Less than $15,000",Midwest,Metropolitan,White,No,Republican,,I voted,Someone else
f4f9b486-364f-4392-8b8c-819f151a6527,1.188658282,Female,18-29,4-year or bachelor degree,"$100,000 to under $150,000",South,Metropolitan,Black or African-American,No,Republican,,I voted,Donald Trump
070009b3-9fbe-4b6b-be80-f6099ab674c0,2.098022827,Male,18-29,Some high school or less,"$15,000 to under $50,000",South,Metropolitan,Black or African-American,No,Democrat,,I was not registered to vote,
bb1a16a1-60c8-48a9-a17d-238d767b1b73,0.841118536,Female,30-49,"Some college, no degree","$15,000 to under $50,000",South,Non-metro,White,Yes,Democrat,,I did not vote,
ca6c90e7-64de-4072-b645-e2c80631b246,0.611587623,Female,30-49,"Some college, no degree","Less than $15,000",South,Metropolitan,Black or African-American,No,Independent,Neither,I did not vote,
db5b6ff6-2ee2-462c-a6a4-6d5640bef0ac,0.803172311,Male,50-64,"Some college, no degree","$15,000 to under $50,000",West,Metropolitan,White,No,Independent,The Democratic Party,I did not vote,
8bded479-4660-49a0-b821-de31c9330891,1.332794842,Male,50-64,4-year or bachelor degree,"$50,000 to under $75,000",Northeast,Metropolitan,White,No,Independent,Neither,I did not vote,
f5692d94-8dba-4ce5-889c-a5fdd16ebe34,1.573473175,Male,30-49,4-year or bachelor degree,"$75,000 to under $100,000",Northeast,Metropolitan,Mixed race,Yes,Independent,The Republican Party,I did not vote,
94f7deb8-b1ec-49d5-871b-229224111e9a,0.739758372,Male,30-49,Post-graduate degree,"$100,000 to under $150,000",West,Metropolitan,Pacific Islander,No,Independent,The Democratic Party,I voted,Kamala Harris
abfdb7cc-ac9b-403c-9419-695d9e991b24,0.634343565,Female,50-64,High school graduate or GED,"$15,000 to under $50,000",Northeast,Metropolitan,White,No,Republican,,I voted,Donald Trump
841d1d2b-97fd-4ba2-813f-65fb4e29e72b,1.03685268,Male,65+,"Some college, no degree","$75,000 to under $100,000",Midwest,Metropolitan,White,No,Republican,,I voted,Donald Trump
27f8585a-0875-4c56-b0da-1d22b21ff05e,0.563436335,Female,50-64,4-year or bachelor degree,"$50,000 to under $75,000",Northeast,Metropolitan,White,No,Independent,The Democratic Party,I voted,Kamala Harris
e1565d2f-63dc-4c47-a7c4-95e7ed0daa50,0.77232709,Female,30-49,4-year or bachelor degree,"$15,000 to under $50,000",West,Metropolitan,White,Yes,Independent,The Democratic Party,I voted,Someone else
c18dae70-6367-4bed-af41-6cd72ea41a1d,0.590195119,Female,50-64,"Some college, no degree","$50,000 to under $75,000",Northeast,Metropolitan,White,No,Independent,The Democratic Party,I voted,Kamala Harris
4cadc633-5a23-4751-a629-cb7dad618fd4,1.577357346,Male,30-49,Post-graduate degree,"More than $200,000",Northeast,Metropolitan,White,No,Republican,,I voted,Someone else
2a378f9f-6904-49ec-a4c8-036ed994e2c5,0.659761552,Male,30-49,4-year or bachelor degree,"More than $200,000",West,Metropolitan,White,No,Democrat,,I voted,Kamala Harris
6e33855b-24bd-43ff-b205-fe1cf3ea71f0,0.502066655,Female,30-49,2-year or associate degree,"$15,000 to under $50,000",South,Metropolitan,Black or African-American,Yes,Republican,,I voted,Donald Trump
e09fd374-7ab7-42da-9abe-3cebcce59fda,1.03685268,Male,65+,"Some college, no degree","$50,000 to under $75,000",Midwest,Metropolitan,White,No,Republican,,I voted,Donald Trump
245aefda-4897-4488-a68b-a6f3b6aeb350,0.705699668,Female,50-64,Post-graduate degree,"$50,000 to under $75,000",Midwest,Non-metro,White,No,Republican,,I voted,Donald Trump
ad192af6-8d4a-485d-b1c8-fcefd6cd2410,0.732820364,Female,30-49,4-year or bachelor degree,"Less than $15,000",South,Metropolitan,Mixed race,No,Independent,Neither,I did not vote,
c0d29cb5-96f6-44f8-8bd6-8cc7b3cf7fc8,0.547650493,Female,30-49,2-year or associate degree,"$50,000 to under $75,000",Northeast,Metropolitan,Black or African-American,No,Democrat,,I voted,Kamala Harris
460a4bbe-e493-411a-86c5-ae769c64a2ca,0.469956159,Female,30-49,High school graduate or GED,"$15,000 to under $50,000",South,Metropolitan,Black or African-American,No,Democrat,,I voted,Kamala Harris
0a7d6153-66a4-4e1f-b592-54da7c8c5c2f,0.926541661,Male,30-49,4-year or bachelor degree,"$75,000 to under $100,000",West,Metropolitan,Asian or Asian-American,No,Republican,,I voted,Donald Trump
174cf0c9-c732-425b-b84e-2e278ba4506b,1.541690138,Female,18-29,High school graduate or GED,"$100,000 to under $150,000",Northeast,Metropolitan,Black or African-American,No,Democrat,,I voted,Kamala Harris
570ee9e1-9cfb-4d30-b2e0-2685c251b437,0.678116256,Female,30-49,4-year or bachelor degree,"$100,000 to under $150,000",South,Metropolitan,White,No,Republican,,I voted,Donald Trump
9993a1c3-d48a-4a17-9fc1-01fe70ff0689,0.982198878,Female,30-49,High school graduate or GED,"Less than $15,000",South,Metropolitan,White,No,Independent,The Republican Party,I did not vote,
3b688803-f95a-47da-9687-3e898795375b,0.719206367,Male,50-64,"Some college, no degree","$100,000 to under $150,000",West,Metropolitan,White,No,Democrat,,I voted,Kamala Harris
f29e7e54-6b8f-448f-89f2-7495ee2865b3,0.663559655,Male,30-49,High school graduate or GED,"$15,000 to under $50,000",South,Metropolitan,Black or African-American,No,Republican,,I voted,Donald Trump
6e563814-b7c9-4df5-9d20-18787c830652,0.957448495,Male,30-49,High school graduate or GED,"$50,000 to under $75,000",South,Metropolitan,Black or African-American,No,Democrat,,I voted,Kamala Harris
3803939a-87ab-4759-b9a7-a89db444da86,0.494910005,Female,30-49,High school graduate or GED,"$15,000 to under $50,000",South,Metropolitan,White,No,Independent,The Republican Party,I voted,Donald Trump
d1a49257-bc09-4019-b37e-e4c4af1fe1db,0.989842945,Male,65+,Post-graduate degree,"$150,000 to under $200,000",Midwest,Non-metro,White,No,Republican,,I voted,Donald Trump
49eb2cc8-2539-4c52-af6f-57a78f8a1db8,1.682488938,Male,,,,,,,,,,I voted,Someone else
78b27c8e-21f5-4081-ba66-8b06f330417b,0.685992682,Male,65+,High school graduate or GED,"Less than $15,000",South,Metropolitan,Black or African-American,No,Democrat,,I voted,Kamala Harris
934f5cec-b549-424d-9aa1-21e77641e77d,0.816665841,Male,30-49,2-year or associate degree,"$50,000 to under $75,000",South,Metropolitan,White,Yes,Independent,The Democratic Party,I voted,Kamala Harris
58721d07-71c7-4c75-a561-9ea222557f08,0.637707046,Male,50-64,4-year or bachelor degree,"$100,000 to under $150,000",Northeast,Metropolitan,Black or African-American,No,Democrat,,I voted,Kamala Harris
0f6237cf-b2f9-474c-a9e4-afc52bf97ba5,1.111669777,Male,30-49,High school graduate or GED,"$15,000 to under $50,000",South,Metropolitan,Black or African-American,No,Democrat,,I did not vote,
5e7bad4a-803d-43ca-ade6-d972e2a30884,0.716822164,Male,30-49,"Some college, no degree","$15,000 to under $50,000",Midwest,Metropolitan,Black or African-American,No,Independent,Neither,I did not vote,
2063e9a5-1351-4f8e-9af2-429659e296a7,0.710321431,Female,30-49,2-year or associate degree,"$50,000 to under $75,000",South,Metropolitan,White,No,Republican,,I voted,Donald Trump
7f8bc675-56e1-457c-bc11-9885759b7a4d,0.844527031,Female,65+,4-year or bachelor degree,"$75,000 to under $100,000",South,Metropolitan,White,No,Republican,,I voted,Donald Trump
59d292af-3f22-40c6-8328-be5c053d6627,0.821668055,Male,65+,4-year or bachelor degree,"$75,000 to under $100,000",Northeast,Metropolitan,White,No,Democrat,,I voted,Kamala Harris
ac445b6d-267d-4c47-8672-597b47811515,0.809006537,Female,30-49,2-year or associate degree,"$15,000 to under $50,000",Midwest,Metropolitan,White,Yes,Independent,Neither,I did not vote,
af2821e3-3def-4388-aca3-e0f28c626224,0.634343565,Female,50-64,Some high school or less,"Less than $15,000",South,Metropolitan,White,No,Republican,,I voted,Donald Trump
c5c990d8-96fc-4deb-85ea-769202b83701,1.124531913,Female,50-64,High school graduate or GED,"$50,000 to under $75,000",Northeast,Metropolitan,Some other race,Yes,Democrat,,I voted,Kamala Harris
5a341682-be62-4060-82f8-1b9b34945f59,0.790518821,Female,30-49,Post-graduate degree,"$75,000 to under $100,000",South,Metropolitan,Asian or Asian-American,No,Republican,,I voted,Donald Trump
655b99b7-3edc-4f95-b8a7-cbaee87d2894,0.379920082,Male,50-64,Post-graduate degree,"$15,000 to under $50,000",Midwest,Metropolitan,White,No,Independent,The Republican Party,I voted,Kamala Harris
3af93b82-1ced-492f-8f19-06344dc216ac,0.989842945,Male,65+,4-year or bachelor degree,"$100,000 to under $150,000",South,Metropolitan,White,No,Republican,,I voted,Donald Trump
214f4488-f6d1-4067-9cd0-e8651b9be397,0.413759698,Male,50-64,2-year or associate degree,"Less than $15,000",South,Metropolitan,White,No,Democrat,,I voted,Kamala Harris
08be38a0-4f44-40a8-b730-d1aa95fef3ea,0.790298631,Male,65+,4-year or bachelor degree,"More than $200,000",Midwest,Metropolitan,White,No,Independent,Neither,I voted,Kamala Harris
6cfb323d-7810-48e7-a119-d0967975b3d2,1.059532099,Female,30-49,High school graduate or GED,"$50,000 to under $75,000",South,Metropolitan,White,No,Republican,,I voted,Donald Trump
d1453841-d95d-4b2a-b3f7-84b7829db340,0.562903911,Female,30-49,Post-graduate degree,"$100,000 to under $150,000",South,Metropolitan,White,No,Democrat,,I voted,Kamala Harris
44313990-c313-463b-a8df-39ccc81517a9,1.03685268,Male,65+,"Some college, no degree","$50,000 to under $75,000",Northeast,Metropolitan,White,No,Republican,,I voted,Donald Trump
0db1d2b6-3371-4530-8c84-41afbdc7c757,0.508931087,Female,65+,2-year or associate degree,"$15,000 to under $50,000",Northeast,Metropolitan,White,No,Republican,,I voted,Donald Trump
8d805ecb-2808-46ed-80f0-32249736764a,1.305210246,Female,18-29,Post-graduate degree,"$50,000 to under $75,000",West,Metropolitan,White,Yes,Democrat,,I voted,Kamala Harris
c2514256-1f28-407f-865e-b3c64d487341,0.659761552,Male,30-49,4-year or bachelor degree,"$150,000 to under $200,000",Northeast,Metropolitan,White,No,Democrat,,I voted,Kamala Harris
0c5c6d80-9ec4-416f-a023-8839d47d5412,0.651121626,Female,65+,Post-graduate degree,"$75,000 to under $100,000",South,Metropolitan,Black or African-American,No,Democrat,,I voted,Kamala Harris
494af3da-6f63-490a-85a2-7025c0abddae,0.858171724,Female,30-49,2-year or associate degree,"$75,000 to under $100,000",South,Metropolitan,White,Yes,Republican,,I voted,Kamala Harris
937bda44-5e7c-42d9-89b9-ae050636bdd3,0.659761552,Male,30-49,Post-graduate degree,"$50,000 to under $75,000",,,White,No,Democrat,,I voted,Kamala Harris
d52dfc77-7722-43d6-bede-52a5c618e136,3.111449879,Female,18-29,High school graduate or GED,"$50,000 to under $75,000",Northeast,Metropolitan,Black or African-American,No,Democrat,,I did not vote,
36e3a0f1-ed52-48b6-8d16-fdf786fb25a4,0.714433019,Male,30-49,High school graduate or GED,"Less than $15,000",West,Metropolitan,White,No,Republican,,I voted,Donald Trump
06ae6ed6-3521-4d09-8f4c-08bd677458d8,0.889755984,Male,65+,High school graduate or GED,"$15,000 to under $50,000",Midwest,Metropolitan,White,No,Republican,,I voted,Donald Trump
5bde634a-d92c-4c2e-83ba-dfefb924ba6c,1.775047357,Female,30-49,High school graduate or GED,"$50,000 to under $75,000",South,Metropolitan,White,No,Democrat,,I did not vote,
54c44ba3-9163-4d16-bc30-a449c280c829,1.546593766,Male,65+,High school graduate or GED,"$50,000 to under $75,000",West,Metropolitan,White,No,Republican,,I voted,Donald Trump
513b81ed-0b2b-4a51-aac8-7fe3875ab104,0.746314982,Female,18-29,2-year or associate degree,"$15,000 to under $50,000",West,Metropolitan,Mixed race,No,Democrat,,I voted,Kamala Harris
2697ce42-31c5-45c7-bed8-9184725dbb3f,0.800406893,Male,50-64,Post-graduate degree,"More than $200,000",Northeast,Metropolitan,Asian or Asian-American,No,Democrat,,I voted,Kamala Harris
86193037-22ea-4efa-a901-014eba3b2d9a,0.842447422,Female,65+,Post-graduate degree,"$100,000 to under $150,000",South,Metropolitan,White,Yes,Other or none,Neither,I voted,Donald Trump
403274d3-44fa-4a7d-9c7a-105dc567aa2d,0.469956159,Female,30-49,Some high school or less,"Less than $15,000",South,Metropolitan,Black or African-American,No,Democrat,,I voted,Kamala Harris
d128d63e-631b-4958-9160-6aa58d845a7c,1.332794842,Male,50-64,4-year or bachelor degree,"$50,000 to under $75,000",South,Metropolitan,White,No,Independent,Neither,I did not vote,
00c2c7bb-1a31-4bf9-8994-14c15622ba46,1.396092088,Male,50-64,"Some college, no degree","More than $200,000",West,Metropolitan,White,No,Other or none,Neither,I did not vote,
a4186efc-f871-4a83-b74a-b796b68d35dd,1.462051066,Female,30-49,"Some college, no degree","$50,000 to under $75,000",West,Metropolitan,White,Yes,Democrat,,I did not vote,
8f5a967d-6357-4182-b024-93e432c93b0b,0.803199903,Other,18-29,2-year or associate degree,"$15,000 to under $50,000",West,Metropolitan,Mixed race,No,Democrat,,I voted,Kamala Harris
9ac8af50-7760-499a-afe4-7c6b6b0b13b6,0.739214838,Female,50-64,2-year or associate degree,"$75,000 to under $100,000",Northeast,Metropolitan,White,No,Republican,,I voted,Donald Trump
af59c8b2-4fc1-45fb-a338-128fe2cee6d1,0.526568225,Female,50-64,High school graduate or GED,"$15,000 to under $50,000",Northeast,Non-metro,White,No,Democrat,,I voted,Kamala Harris
eab7ad5e-4f8a-409b-a937-be53fcfcb13f,1.332794842,Male,50-64,4-year or bachelor degree,"More than $200,000",South,Metropolitan,White,No,Independent,Neither,I voted,Someone else
230d9a64-37f7-4682-8b26-54e1db321368,0.659761552,Male,30-49,Post-graduate degree,"$150,000 to under $200,000",Northeast,Metropolitan,White,No,Democrat,,I voted,Kamala Harris
52819111-9623-416c-87b5-d9e36670f2b8,0.498799918,Female,50-64,4-year or bachelor degree,"$15,000 to under $50,000",South,Metropolitan,Mixed race,Yes,Republican,,I voted,Donald Trump
16b02c69-7cfa-48a1-89e7-dc52938863f9,1.38303108,Female,18-29,4-year or bachelor degree,"$15,000 to under $50,000",South,Metropolitan,Mixed race,No,Independent,Neither,I voted,Someone else
743c8f1a-d4e8-4572-aaa6-a51d5e9279ab,0.659761552,Male,30-49,Post-graduate degree,"$50,000 to under $75,000",West,Metropolitan,White,No,Democrat,,I voted,Kamala Harris
b5d28ad4-8a95-4cd8-8d9d-85acfc88b6b2,1.585708032,Female,30-49,High school graduate or GED,"$50,000 to under $75,000",Midwest,Metropolitan,Black or African-American,No,Other or none,Neither,I did not vote,
cdf24d14-6e73-4226-8288-c9c9e3223ad6,0.821668055,Male,65+,Post-graduate degree,"$50,000 to under $75,000",West,Metropolitan,White,No,Democrat,,I voted,Kamala Harris
975daf31-1dbe-4821-ac87-e3107f362e8a,0.678116256,Female,30-49,4-year or bachelor degree,"$150,000 to under $200,000",Midwest,Non-metro,White,No,Republican,,I voted,Donald Trump
81b69922-78ea-477a-b0a2-fbf6efbb570e,0.572977233,Female,50-64,Post-graduate degree,"$150,000 to under $200,000",South,Metropolitan,White,No,Independent,The Republican Party,I voted,Donald Trump
a24b842f-14ea-4e8b-9f79-01814abc23da,0.803681081,Male,65+,Post-graduate degree,"$75,000 to under $100,000",South,Metropolitan,White,No,Independent,Neither,I voted,Donald Trump
f8156108-e87d-4690-8532-e03e7bca15e2,2.669306101,Male,18-29,High school graduate or GED,"Less than $15,000",West,Metropolitan,Some other race,Yes,Independent,Neither,I was not registered to vote,
4341ab3b-336d-4a11-a2f5-8c31d2f6382d,0.666824642,Female,30-49,4-year or bachelor degree,"$50,000 to under $75,000",South,Metropolitan,White,No,Republican,,I voted,Kamala Harris
7a770e1d-c181-4d26-a4ae-49f35b458725,0.790298631,Male,65+,Post-graduate degree,"More than $200,000",Northeast,Metropolitan,White,No,Independent,Neither,I voted,Kamala Harris
e346f0e1-0e03-4224-9eb8-bd81e5f91b44,0.659761552,Male,30-49,Post-graduate degree,"$50,000 to under $75,000",Northeast,Non-metro,White,No,Democrat,,I voted,Kamala Harris
7852c30a-45b7-4385-ae0e-941de65b6353,0.711426838,Other,,4-year or bachelor degree,"$50,000 to under $75,000",Midwest,Metropolitan,White,No,Democrat,,I voted,Kamala Harris
89e1a529-1db2-4b92-b9ce-7b04380845cc,0.686598359,Male,50-64,Post-graduate degree,"$100,000 to under $150,000",South,Metropolitan,White,No,Democrat,,I voted,Kamala Harris
a95b6489-7f4d-4d33-8753-47bb88c9febf,0.703462361,Male,50-64,2-year or associate degree,"$150,000 to under $200,000",Northeast,Metropolitan,White,No,Independent,Neither,I voted,Donald Trump
76ff9c12-c6dc-44cb-b067-718df7b1b1e3,1.182267467,Female,50-64,Post-graduate degree,"More than $200,000",Northeast,Metropolitan,White,No,Democrat,,I voted,Someone else
b0ad8657-4075-4d3a-a1a1-765001b1d890,1.095351806,Female,65+,High school graduate or GED,"$50,000 to under $75,000",South,Metropolitan,White,No,Democrat,,I voted,Kamala Harris
132bffc9-1fe8-4450-a35d-8e3af7186424,1.03685268,Male,65+,"Some college, no degree","$100,000 to under $150,000",West,Metropolitan,White,No,Republican,,I voted,Donald Trump
0ddcbd3a-d9ec-46dd-8997-cb5a135fcbb6,1.594986255,Male,65+,Post-graduate degree,"$50,000 to under $75,000",South,Metropolitan,White,No,Independent,Neither,I voted,Someone else
7a0eba94-1342-4e5d-bda7-93a5a48e0ccd,0.739758372,Male,30-49,4-year or bachelor degree,"More than $200,000",West,Metropolitan,Asian or Asian-American,No,Independent,Neither,I voted,Kamala Harris
b82ce477-a309-4482-80cf-36b03f80e91d,0.541413515,Female,30-49,4-year or bachelor degree,"$150,000 to under $200,000",South,Metropolitan,White,No,Independent,The Democratic Party,I voted,Kamala Harris
8259e34b-4e5c-442f-9118-c1ac9c29cf7b,0.688024134,Female,50-64,"Some college, no degree","$75,000 to under $100,000",South,Metropolitan,Mixed race,No,Other or none,Neither,I voted,Kamala Harris
37930bb2-449d-4605-a229-7cd7510f5691,0.585800885,Female,50-64,Post-graduate degree,"$150,000 to under $200,000",West,Metropolitan,White,No,Democrat,,I voted,Kamala Harris
aa325e9c-f0fc-4562-b1a0-fef3e3415719,1.003356398,Male,65+,"Some college, no degree","$50,000 to under $75,000",West,Metropolitan,Asian or Asian-American,No,Democrat,,I voted,Kamala Harris
e86c2819-55e9-40a4-85c3-986a7f0ab5ca,0.821668055,Male,65+,4-year or bachelor degree,"$100,000 to under $150,000",Northeast,Metropolitan,White,No,Democrat,,I voted,Kamala Harris
7d65d3f1-0bda-4d2d-a340-bfb04675bfcb,2.856230591,Other,18-29,"Some college, no degree","$75,000 to under $100,000",Northeast,Metropolitan,White,Yes,Independent,Neither,I voted,Someone else
d3053561-44ef-4bca-88c0-032818378d87,0.659761552,Male,30-49,4-year or bachelor degree,"$50,000 to under $75,000",Northeast,Metropolitan,White,No,Democrat,,I voted,Kamala Harris
3f997961-c993-4d9f-9d7a-31e7980af774,1.124531913,Female,50-64,High school graduate or GED,"$75,000 to under $100,000",West,Metropolitan,White,Yes,Democrat,,I voted,Kamala Harris
c708d9f5-c2c2-4b09-87f0-a16245c57351,0.550820485,Male,30-49,Some high school or less,"Less than $15,000",,,Black or African-American,No,Democrat,,I voted,Kamala Harris
9764ccf1-d4f9-4a2a-88e3-832be92bcc53,0.659761552,Male,30-49,Post-graduate degree,"$100,000 to under $150,000",South,Non-metro,White,No,Democrat,,I voted,Kamala Harris
900c12c7-001b-4c24-8599-a67a9629f3b3,1.342476234,Female,30-49,4-year or bachelor degree,"$50,000 to under $75,000",West,Metropolitan,Mixed race,Yes,Other or none,Neither,I did not vote,
e0a31b92-c773-423b-a772-751446ad6457,2.016775925,Male,50-64,Post-graduate degree,"$75,000 to under $100,000",West,Metropolitan,White,Yes,Republican,,I voted,Someone else
ca86c09a-2b3c-40b7-9517-135d359f8838,0.841849595,Male,65+,"Some college, no degree","$50,000 to under $75,000",Northeast,Metropolitan,White,No,Independent,The Republican Party,I voted,Donald Trump
9ef3fe49-d03d-4936-bba5-aee81ca0648f,1.019587587,Male,65+,2-year or associate degree,"$100,000 to under $150,000",South,Metropolitan,White,No,Republican,,I voted,Kamala Harris
6a20c07b-6b19-4020-9e64-f6daf05e9e2a,0.982198878,Female,30-49,High school graduate or GED,"Less than $15,000",South,Metropolitan,White,No,Independent,Neither,I was not registered to vote,
45d21b6e-1b0b-4f99-866d-673b31e46b33,0.654191999,Female,50-64,Post-graduate degree,"$15,000 to under $50,000",West,Metropolitan,White,No,Independent,Neither,I did not vote,
38ba40ea-c09d-4f7d-97c9-512cba510461,0.719206367,Male,50-64,"Some college, no degree","$75,000 to under $100,000",South,Metropolitan,White,No,Democrat,,I voted,Kamala Harris
a58e73ff-c5a9-435e-aa93-fef5499d4083,0.986780426,Male,50-64,"Some college, no degree","$15,000 to under $50,000",West,Metropolitan,Mixed race,Yes,Independent,Neither,I did not vote,
25ba2650-9202-48be-a34c-485d32cb82dd,1.022151314,Female,50-64,Some high school or less,"Less than $15,000",South,Metropolitan,White,No,Other or none,Neither,I was not registered to vote,
a922d73d-0525-477d-865c-1e6f0a6194f1,1.52979491,Male,18-29,4-year or bachelor degree,"$50,000 to under $75,000",West,Metropolitan,Some other race,Yes,Democrat,,I voted,Kamala Harris
2c847e35-23d5-427e-848b-6e1e20668132,0.659761552,Male,30-49,4-year or bachelor degree,"$100,000 to under $150,000",Northeast,Metropolitan,White,No,Democrat,,I voted,Kamala Harris
43c2f940-cf6c-4cc2-8b5f-f7f7cd58dd1e,1.057447861,Male,65+,2-year or associate degree,"$50,000 to under $75,000",Northeast,Metropolitan,Black or African-American,Yes,Democrat,,I voted,Kamala Harris
b15b9f62-7acc-4f60-90f6-abd42618d9eb,1.092684565,Female,30-49,4-year or bachelor degree,"$75,000 to under $100,000",South,Metropolitan,White,No,Other or none,Neither,I voted,Someone else
a42b4d5d-e362-43f5-b4a5-9f12f921b9cd,1.332794842,Male,50-64,Post-graduate degree,"More than $200,000",South,Metropolitan,White,No,Independent,Neither,I voted,Someone else
0b4dac5a-d2d2-43fc-95df-006152145675,0.634573351,Male,30-49,4-year or bachelor degree,"$100,000 to under $150,000",Northeast,Metropolitan,White,No,Independent,Neither,I voted,Kamala Harris
d146e04d-2e09-4ba6-b7bc-519809f3d48c,2.95148634,Male,18-29,"Some college, no degree","$75,000 to under $100,000",South,Metropolitan,Asian or Asian-American,No,Independent,The Republican Party,I voted,Someone else
b40eb618-bc49-4dc6-83c0-73a664531ddc,0.803681081,Male,65+,4-year or bachelor degree,"$100,000 to under $150,000",South,Metropolitan,White,No,Independent,The Republican Party,I voted,Donald Trump
4cdc0041-9c37-4372-bd26-3ee63d2c782c,0.989842945,Male,65+,Post-graduate degree,"More than $200,000",Northeast,Metropolitan,White,No,Republican,,I voted,Donald Trump
f2a87211-cc02-43c7-bcd8-a849c20e44bd,0.315063538,Female,30-49,2-year or associate degree,"$15,000 to under $50,000",Midwest,Metropolitan,Black or African-American,No,Democrat,,I voted,Kamala Harris
cd52c200-40d5-4fe0-be3f-916bc1c25468,0.794798233,Male,30-49,4-year or bachelor degree,"$100,000 to under $150,000",Midwest,Metropolitan,White,No,Republican,,I voted,Donald Trump
9cfbc2f2-40e0-4de6-94fe-77df790be6b2,0.66038559,Male,50-64,4-year or bachelor degree,"$50,000 to under $75,000",South,Non-metro,White,No,Independent,The Democratic Party,I voted,Kamala Harris
71af4184-848f-4b83-a98e-55f006f0af0b,1.305210246,Female,18-29,4-year or bachelor degree,"More than $200,000",South,Metropolitan,White,Yes,Democrat,,I voted,Kamala Harris
22da4074-4020-412e-a055-888b241b3a15,0.769121696,Male,30-49,Post-graduate degree,"$50,000 to under $75,000",West,Metropolitan,Asian or Asian-American,No,Democrat,,I voted,Kamala Harris
fc45004e-0fb9-4ec4-9f09-274c17b49df8,0.701041399,Female,65+,4-year or bachelor degree,"$100,000 to under $150,000",West,Metropolitan,White,No,Democrat,,I voted,Kamala Harris
29b20ac2-a149-48c0-9762-89637b410fd7,0.926541661,Male,30-49,Post-graduate degree,"$100,000 to under $150,000",Midwest,Metropolitan,Asian or Asian-American,No,Republican,,I voted,Donald Trump
7bdcc86f-cdec-4760-a577-94fc6916b303,1.245149257,Male,18-29,4-year or bachelor degree,"$50,000 to under $75,000",Midwest,Metropolitan,White,No,Democrat,,I voted,Kamala Harris
54373fac-03b3-43c0-9eb7-351e3d25c997,0.674277227,Female,65+,4-year or bachelor degree,"$50,000 to under $75,000",Northeast,Metropolitan,White,No,Independent,The Republican Party,I voted,Kamala Harris
3800f711-826a-4cf3-8e60-0172ac4b623a,1.064474374,Male,50-64,"Some college, no degree","$75,000 to under $100,000",South,Metropolitan,White,Yes,Republican,,I voted,Donald Trump
31c37257-0f6c-422f-a18f-1ee7b4a5a880,2.277433171,Female,18-29,High school graduate or GED,"$15,000 to under $50,000",West,Non-metro,White,Yes,Other or none,The Democratic Party,I did not vote,
68b4c4d2-51e6-480e-b2a8-fefb7f794124,0.841849595,Male,65+,"Some college, no degree","$150,000 to under $200,000",Northeast,Metropolitan,White,No,Independent,The Republican Party,I voted,Donald Trump
b89ebf17-1abe-43de-b642-3a6c9a13db1d,0.828062232,Female,30-49,"Some college, no degree","$100,000 to under $150,000",West,Metropolitan,Pacific Islander,No,Republican,,I voted,Donald Trump
2db68c27-139b-4062-be89-227e2ce62773,2.6604955,Female,18-29,"Some college, no degree","$50,000 to under $75,000",Midwest,Metropolitan,White,No,Republican,,I did not vote,
0f0cad44-0722-4a10-9b86-c52f78565945,1.546593766,Male,65+,High school graduate or GED,"$100,000 to under $150,000",West,Metropolitan,White,No,Republican,,I voted,Donald Trump
814260c7-380d-473f-8651-297d22286f5b,0.686598359,Male,50-64,4-year or bachelor degree,"$150,000 to under $200,000",Northeast,Metropolitan,White,No,Democrat,,I voted,Kamala Harris
dc8e1cbb-affd-4fe2-b74c-0d15540878a9,0.609549221,Female,30-49,High school graduate or GED,"Less than $15,000",Midwest,Non-metro,White,No,Republican,,I voted,Donald Trump
8b49ef11-f953-48dc-8e9e-ea9d7f494bb3,0.701041399,Female,65+,Post-graduate degree,"$100,000 to under $150,000",Northeast,Metropolitan,White,No,Democrat,,I voted,Kamala Harris
01705792-81d8-49a9-98ec-b311c0eec9c8,0.872703496,Female,30-49,2-year or associate degree,"$50,000 to under $75,000",South,Metropolitan,White,Yes,Republican,,I voted,Donald Trump
ae159d1d-efdf-4d3b-abd9-c459c1e1d391,0.725115871,Female,50-64,"Some college, no degree","$75,000 to under $100,000",South,Metropolitan,Black or African-American,Yes,Independent,Neither,I voted,Kamala Harris
a69a0f2f-6e68-4e22-ae20-57565a961bd6,0.572977233,Female,50-64,4-year or bachelor degree,"$150,000 to under $200,000",South,Metropolitan,White,No,Independent,Neither,I voted,Donald Trump
171ca07b-98a9-459f-9592-764e5ba4b639,0.569457024,Male,65+,4-year or bachelor degree,"$15,000 to under $50,000",Midwest,Metropolitan,White,No,Republican,,I voted,Donald Trump
f1dbbefe-baf3-4a9e-b714-f145ae5ba6b6,0.617173665,Male,50-64,High school graduate or GED,"$15,000 to under $50,000",South,Non-metro,White,No,Democrat,,I voted,Kamala Harris
20c812bf-fdf6-4e67-81f8-23f066dcfcd8,2.277433171,Female,18-29,High school graduate or GED,"Less than $15,000",Northeast,Metropolitan,Some other race,Yes,Other or none,Neither,I did not vote,
6eb4be51-7e51-4c03-8fe1-55dd859fef61,0.759133541,Female,65+,High school graduate or GED,"$15,000 to under $50,000",Midwest,Non-metro,White,No,Republican,,I voted,Donald Trump
e52d4e98-3db8-43fa-9aa5-27b71d44e7ba,0.678116256,Female,30-49,4-year or bachelor degree,"$100,000 to under $150,000",Midwest,Metropolitan,White,No,Republican,,I voted,Donald Trump
64b0d2b1-ec50-4918-b179-7a98052511ec,1.03685268,Male,65+,"Some college, no degree","$50,000 to under $75,000",Northeast,Metropolitan,White,No,Republican,,I voted,Donald Trump
1aee0a57-00d6-49c6-95df-3baed7596bf7,0.705699668,Female,50-64,Post-graduate degree,"$100,000 to under $150,000",South,Metropolitan,White,No,Republican,,I voted,Donald Trump
d4189ab8-963a-458b-823c-e1c92d279fcd,1.275732203,Male,18-29,"Some college, no degree","$75,000 to under $100,000",West,Metropolitan,White,No,Independent,The Republican Party,I voted,Donald Trump
1aff5d7b-2769-4976-b646-46ec58eebf27,0.519040072,Female,65+,2-year or associate degree,"$15,000 to under $50,000",West,Metropolitan,Some other race,Yes,Democrat,,I voted,Kamala Harris
ddd3ce6f-322c-4992-894b-e0863cf74e0a,1.324366053,Female,30-49,Post-graduate degree,"$150,000 to under $200,000",Northeast,Metropolitan,Asian or Asian-American,No,Democrat,,I was not registered to vote,
626bf4c0-0bbf-45ba-b843-41415cdc1fe0,0.858915157,Male,30-49,4-year or bachelor degree,"$15,000 to under $50,000",West,Metropolitan,Mixed race,No,Independent,Neither,I did not vote,
9998c24e-5378-40dd-8f16-451c29f8d18f,0.866409914,Male,50-64,"Some college, no degree","$75,000 to under $100,000",Northeast,Metropolitan,White,No,Republican,,I voted,Donald Trump
00e9f486-03a2-42a5-b4a3-3e901c150665,2.759287492,Female,18-29,2-year or associate degree,"$50,000 to under $75,000",South,Metropolitan,White,Yes,Democrat,,I was not registered to vote,
84c3dd4c-23f9-47c7-a672-58f4c2f5a4b8,0.790298631,Male,65+,Post-graduate degree,"More than $200,000",South,Metropolitan,White,No,Independent,The Democratic Party,I voted,Kamala Harris
7452b224-b83b-4b9d-9f04-a6113ce3cc2d,0.816665841,Male,30-49,2-year or associate degree,"$50,000 to under $75,000",Northeast,Metropolitan,White,Yes,Independent,Neither,I voted,Kamala Harris
b3882285-b94d-467d-a757-9d979307f550,0.794798233,Male,30-49,4-year or bachelor degree,"$150,000 to under $200,000",South,Metropolitan,White,No,Republican,,I voted,Donald Trump
791e7bb8-91e4-4956-9b40-8faa9c1a8b95,1.273804759,Female,30-49,4-year or bachelor degree,"$50,000 to under $75,000",West,Metropolitan,Asian or Asian-American,No,Other or none,Neither,I was not registered to vote,
d2af1a0d-d456-436f-9e97-966b61017859,0.486669039,Female,30-49,High school graduate or GED,"$15,000 to under $50,000",Midwest,Metropolitan,White,No,Independent,The Democratic Party,I voted,Kamala Harris
4aec4ed9-9687-4f75-871b-421bd1b472ed,1.627504225,Male,50-64,2-year or associate degree,"$50,000 to under $75,000",Midwest,Metropolitan,Asian or Asian-American,No,Other or none,The Democratic Party,I was not registered to vote,
16c1ce57-c570-42ae-817d-15726e9424be,0.46982817,Male,30-49,2-year or associate degree,"$15,000 to under $50,000",South,Metropolitan,White,Yes,Other or none,Neither,I voted,Kamala Harris
9a402cba-4f79-468b-8459-069f2355cac5,0.698224809,Male,50-64,Post-graduate degree,"More than $200,000",Northeast,Metropolitan,White,No,Democrat,,I voted,Donald Trump
2b980ac8-1536-48ef-8aab-6d299c4ea642,0.915292675,Female,50-64,High school graduate or GED,"$50,000 to under $75,000",Midwest,Metropolitan,White,No,Democrat,,I voted,Kamala Harris
dea06b83-f9dc-4e6d-a665-3607a1a1a73d,0.562903911,Female,30-49,Post-graduate degree,"$150,000 to under $200,000",West,Metropolitan,White,No,Democrat,,I voted,Kamala Harris
f4203520-61e1-48af-876d-e6d7c501399e,1.059532099,Female,30-49,High school graduate or GED,"$100,000 to under $150,000",Midwest,Metropolitan,White,No,Republican,,I voted,Donald Trump
8ca4ee97-ca2b-4ea4-9c57-67c6135f9fa2,0.866409914,Male,50-64,2-year or associate degree,"$100,000 to under $150,000",Midwest,Metropolitan,White,No,Republican,,I voted,Donald Trump
fcfd3487-9cd4-4311-92d2-42f520c0eed5,0.860690809,Male,65+,"Some college, no degree","$50,000 to under $75,000",West,Metropolitan,White,No,Democrat,,I voted,Kamala Harris
f7eaef3e-579e-4598-930f-c7bb31b0c3be,1.022151314,Female,50-64,High school graduate or GED,"$15,000 to under $50,000",Midwest,Metropolitan,White,No,Other or none,Neither,I did not vote,
5abf2c50-313c-4f67-81b3-702fa897c8aa,1.305210246,Female,18-29,Post-graduate degree,"$100,000 to under $150,000",South,Metropolitan,White,Yes,Democrat,,I voted,Kamala Harris
9053a9a6-bcb5-47ea-b33c-42039c6e0495,0.495155751,Male,65+,"Some college, no degree","Less than $15,000",West,Metropolitan,White,No,Democrat,,I voted,Kamala Harris
fe85097a-450a-4d52-ae0a-7a3efd2782f2,0.810585445,Male,30-49,Post-graduate degree,"$150,000 to under $200,000",Northeast,Metropolitan,Mixed race,Yes,Democrat,,I voted,Kamala Harris
4bee8c17-9d1b-4ff1-a7e5-291f6a3678ee,0.38678987,Female,30-49,"Some college, no degree","$15,000 to under $50,000",West,Metropolitan,Mixed race,No,Independent,The Republican Party,I voted,Donald Trump
4805669c-9902-4c83-ab0d-6686bfbb0290,1.360831043,Female,65+,4-year or bachelor degree,"$150,000 to under $200,000",West,Metropolitan,White,No,Independent,Neither,I voted,Someone else
cd203c1b-3858-49df-a9f8-7b7d52f2193b,2.817669266,Male,18-29,Post-graduate degree,"$75,000 to under $100,000",Northeast,Metropolitan,Mixed race,No,Independent,The Democratic Party,I did not vote,
e1b1ac75-a902-4d43-b29d-735f205aa970,0.712461111,Female,50-64,2-year or associate degree,"$15,000 to under $50,000",Midwest,Metropolitan,White,No,Democrat,,I was not registered to vote,
300ebb77-4ae0-419a-b570-b58ceee96b0e,1.059532099,Female,30-49,High school graduate or GED,"$50,000 to under $75,000",Northeast,Non-metro,White,No,Republican,,I voted,Donald Trump
2a0d616d-ea44-439b-846b-401efea32fd0,1.235157038,Female,30-49,High school graduate or GED,"$50,000 to under $75,000",South,Non-metro,Asian or Asian-American,No,Republican,,I voted,Donald Trump
c0e0b3d5-ab9e-4292-ab1c-d42a6372db8d,1.137131175,Female,50-64,4-year or bachelor degree,"More than $200,000",Midwest,Metropolitan,White,No,Independent,Neither,I voted,Someone else
a4b605e9-74d5-4464-a24f-c858c81b954d,0.656209215,Female,30-49,Post-graduate degree,"$100,000 to under $150,000",Northeast,Metropolitan,Asian or Asian-American,No,Democrat,,I voted,Kamala Harris
b6f94565-bbac-4b65-99b7-bb960767e0d5,0.608048234,Female,30-49,High school graduate or GED,"$15,000 to under $50,000",West,Metropolitan,Mixed race,Yes,Independent,Neither,I voted,Donald Trump
8f5f80cf-7738-4051-828b-5dc7c0ed4bc9,1.594986255,Male,65+,Post-graduate degree,"$50,000 to under $75,000",Northeast,Metropolitan,White,No,Independent,The Republican Party,I voted,Someone else
cbd0411a-8b78-4b52-b4b9-cb30c14ab214,0.989842945,Male,65+,4-year or bachelor degree,"$100,000 to under $150,000",Northeast,Metropolitan,White,No,Republican,,I voted,Donald Trump
397ccbc4-be90-4193-bf89-e50c7631e47a,0.714433019,Male,30-49,Some high school or less,"$15,000 to under $50,000",South,Non-metro,White,No,Republican,,I voted,Donald Trump
2c1d41b3-f03e-43dc-950c-9051956bc6c9,1.477799189,Female,18-29,High school graduate or GED,"Less than $15,000",South,Non-metro,White,No,Republican,,,
fbf4d60b-5e83-4aaf-9890-a830ae236603,1.342476234,Female,30-49,4-year or bachelor degree,"$75,000 to under $100,000",West,Metropolitan,White,Yes,Independent,Neither,I did not vote,
f481ec6a-9901-4096-80fc-b322f2b32a5e,0.705699668,Female,50-64,4-year or bachelor degree,"$100,000 to under $150,000",South,Non-metro,White,No,Republican,,I voted,Donald Trump
bb6affd0-cb0a-4822-bfbf-b1378f6460fb,0.701041399,Female,65+,Post-graduate degree,"$100,000 to under $150,000",West,Metropolitan,White,No,Democrat,,I voted,Kamala Harris
3d3f8eac-c2c1-4660-96d0-7851f633ead1,0.790298631,Male,65+,4-year or bachelor degree,"$50,000 to under $75,000",Midwest,Metropolitan,White,No,Independent,Neither,I voted,Kamala Harris
930d5caf-2891-4637-a562-c84c3b11cd3c,0.803681081,Male,65+,Post-graduate degree,"$50,000 to under $75,000",Midwest,Metropolitan,White,No,Other or none,The Republican Party,I voted,Donald Trump
9d2de4bd-687b-4e97-9742-d3abfd3b7624,0.866409914,Male,50-64,"Some college, no degree","$50,000 to under $75,000",Midwest,Metropolitan,White,No,Republican,,I voted,Donald Trump
63f6d579-5293-4be4-95cf-977746563650,1.009504364,Male,65+,4-year or bachelor degree,"$100,000 to under $150,000",Midwest,Metropolitan,White,Yes,Democrat,,I voted,Kamala Harris
4a6fb102-5ac2-48e5-802d-f790537e9b85,0.989842945,Male,65+,Post-graduate degree,"$100,000 to under $150,000",Midwest,Metropolitan,White,No,Republican,,I voted,Donald Trump
d76381f7-a567-4fb0-a456-c3b279a3eea4,0.844527031,Female,65+,4-year or bachelor degree,"$75,000 to under $100,000",South,Non-metro,White,No,Republican,,I voted,Donald Trump
0ff88b5c-392b-4ae4-81f9-cf49f285ceca,0.858915157,Male,30-49,4-year or bachelor degree,"$15,000 to under $50,000",Northeast,Metropolitan,Asian or Asian-American,No,Independent,The Democratic Party,I did not vote,
b09434e6-17a9-4197-ad97-3ecbccf9b7d2,0.844527031,Female,65+,4-year or bachelor degree,"$75,000 to under $100,000",South,Non-metro,White,No,Republican,,I voted,Donald Trump
936a876e-7097-443b-ab2b-b7f9589beb4e,0.756520544,Female,18-29,"Some college, no degree","$15,000 to under $50,000",South,Metropolitan,Native American or American Indian,Yes,Independent,The Democratic Party,I voted,Kamala Harris
42e64ff9-533e-4097-8c12-6aaa09cf9e27,0.936303802,Male,50-64,2-year or associate degree,"$15,000 to under $50,000",Midwest,Metropolitan,Mixed race,No,Independent,The Republican Party,I did not vote,
31b2657c-b8d0-4464-b253-58893ce1e9c0,1.03685268,Male,65+,"Some college, no degree","$50,000 to under $75,000",South,Metropolitan,White,No,Republican,,I voted,Donald Trump
ba0e3de0-5a31-44d6-86eb-e4dfb7bb1c0a,0.821668055,Male,65+,4-year or bachelor degree,"$75,000 to under $100,000",Midwest,Metropolitan,White,No,Democrat,,I voted,Kamala Harris
852065d0-03f1-410f-9738-5af76aabb19b,0.81135214,Male,50-64,4-year or bachelor degree,"$75,000 to under $100,000",South,Non-metro,White,Yes,Independent,The Democratic Party,I voted,Kamala Harris
eae62879-c626-4c35-adbc-02147bf23377,0.883619561,Male,50-64,"Some college, no degree","$75,000 to under $100,000",South,Metropolitan,White,Yes,Democrat,,I voted,Kamala Harris
b71918a3-8a8e-4a74-a59f-f2b37a95a6f2,0.489072343,Female,50-64,High school graduate or GED,"Less than $15,000",South,Metropolitan,Black or African-American,No,Democrat,,I voted,Kamala Harris
d2c47d9d-97da-4fa8-b368-e5599750102d,0.844527031,Female,65+,4-year or bachelor degree,"$50,000 to under $75,000",Northeast,Metropolitan,White,No,Republican,,I voted,Donald Trump
4f0e89ea-fbdb-4d72-a9fa-3ef0e1f7b28f,0.970545084,Male,30-49,2-year or associate degree,"$75,000 to under $100,000",West,Metropolitan,Some other race,No,Republican,,I voted,Donald Trump
208ef53e-802b-4616-beed-8df9bf80f730,1.671921973,Female,65+,4-year or bachelor degree,"$150,000 to under $200,000",South,Metropolitan,Mixed race,Yes,Independent,Neither,I voted,Someone else
2c5bea6d-9ed0-4597-a7b7-794512277508,1.52979491,Male,18-29,4-year or bachelor degree,"$50,000 to under $75,000",South,Metropolitan,White,Yes,Democrat,,I voted,Kamala Harris
09ed7a6b-5881-4e6f-8081-32a5d1b37c13,1.712612721,Male,18-29,4-year or bachelor degree,"Less than $15,000",Midwest,Metropolitan,White,No,Republican,,I did not vote,
8000bf32-3470-45ea-be47-a9ccad42248e,0.659761552,Male,30-49,4-year or bachelor degree,"$50,000 to under $75,000",Midwest,Non-metro,White,No,Democrat,,I voted,Kamala Harris
d0fc065b-a551-4191-82fc-377a6eddd91f,0.800406893,Male,50-64,4-year or bachelor degree,"$150,000 to under $200,000",Northeast,Metropolitan,Asian or Asian-American,No,Democrat,,I voted,Kamala Harris
7f19a190-3a62-4216-9c77-a557d8ba33bb,0.773261006,Male,30-49,2-year or associate degree,"$50,000 to under $75,000",South,Metropolitan,Black or African-American,No,Republican,,I voted,Donald Trump
dfd21f80-0ac4-4b42-afc5-2f74c49cc2a5,0.674277227,Female,65+,Post-graduate degree,"$100,000 to under $150,000",Midwest,Metropolitan,White,No,Independent,The Democratic Party,I voted,Kamala Harris
a41946c3-e3da-4798-b26d-0d98964bf98a,0.562903911,Female,30-49,4-year or bachelor degree,"$50,000 to under $75,000",Midwest,Metropolitan,White,No,Democrat,,I voted,Kamala Harris
795124c7-767a-4ed0-9ae4-ca975b66eff5,0.667114261,Female,65+,2-year or associate degree,"$75,000 to under $100,000",West,Metropolitan,Black or African-American,No,Independent,The Republican Party,I voted,Donald Trump
cb35650c-3c4a-435e-814e-750353d71be2,1.388575146,Female,50-64,"Some college, no degree","$50,000 to under $75,000",Midwest,Metropolitan,Mixed race,No,Independent,The Republican Party,I did not vote,
4037be0b-f778-4de6-b60e-f821c699e6d0,0.701041399,Female,65+,4-year or bachelor degree,"$100,000 to under $150,000",West,Metropolitan,White,No,Democrat,,I voted,Kamala Harris
6746c4c1-66c6-48fe-9790-85ab48d785b8,0.508931087,Female,65+,"Some college, no degree","$15,000 to under $50,000",West,Metropolitan,White,No,Republican,,I voted,Donald Trump
9a7b1956-6b96-4642-bc25-e9ba82c74734,0.734335338,Female,65+,"Some college, no degree","$100,000 to under $150,000",South,Metropolitan,White,No,Democrat,,I voted,Kamala Harris
f45c7428-2163-42f5-910c-0fa634f1550b,0.671568169,Male,50-64,4-year or bachelor degree,"$100,000 to under $150,000",Northeast,Metropolitan,White,No,Independent,The Republican Party,I voted,Donald Trump
9abfaded-ab32-4552-ba74-960b95a61b54,1.189504256,Male,30-49,Post-graduate degree,"$75,000 to under $100,000",Northeast,Metropolitan,Black or African-American,No,Independent,The Democratic Party,I did not vote,
c1d64957-c548-4192-b40e-59683fe2c97c,1.341523572,Male,30-49,"Some college, no degree","$75,000 to under $100,000",West,Metropolitan,White,No,Independent,Neither,I voted,Someone else
3179360b-bad2-4605-a671-0c180986ce95,0.392380616,Female,65+,"Some college, no degree","Less than $15,000",Midwest,Metropolitan,Black or African-American,No,Democrat,,I voted,Kamala Harris
57606d1b-2342-4a0a-b0ee-3f1d8bd4464c,0.631156635,Female,30-49,4-year or bachelor degree,"More than $200,000",West,Metropolitan,Pacific Islander,No,Independent,The Democratic Party,I voted,Kamala Harris
7479b329-52db-4b01-a608-9b539c917df5,1.325618709,Female,50-64,4-year or bachelor degree,"$150,000 to under $200,000",Midwest,Metropolitan,Mixed race,No,Independent,Neither,I voted,Someone else
10f9f6d6-771b-4e42-b6f2-c76890a6d02e,0.613621808,Female,50-64,"Some college, no degree","$75,000 to under $100,000",West,Metropolitan,White,No,Democrat,,I voted,Kamala Harris
8c0530f5-f005-46aa-8115-ff96e9117613,1.153916414,Male,65+,Post-graduate degree,"$100,000 to under $150,000",South,Metropolitan,Asian or Asian-American,No,Republican,,I voted,Donald Trump
b01507f2-d011-4653-b286-7cf6f10dde4a,0.794798233,Male,30-49,4-year or bachelor degree,"$50,000 to under $75,000",Northeast,Metropolitan,White,No,Republican,,I voted,Donald Trump
fe4451f5-2007-4e19-bb6b-6128150e8a59,0.841849595,Male,65+,"Some college, no degree","$50,000 to under $75,000",West,Metropolitan,White,No,Other or none,The Republican Party,I voted,Donald Trump
6b81cbb5-ff49-4d6b-8565-b2d6f8b9ef7c,0.821668055,Male,65+,Post-graduate degree,"$75,000 to under $100,000",South,Metropolitan,White,No,Democrat,,I voted,Kamala Harris
28ce6755-f66e-48bf-a276-dfd9443d2039,1.324366053,Female,30-49,Post-graduate degree,"More than $200,000",South,Metropolitan,Asian or Asian-American,No,Democrat,,I voted,Someone else
8018699d-cb60-4a36-95b3-d3398313ee0c,1.319542911,Female,65+,High school graduate or GED,"$75,000 to under $100,000",Midwest,Metropolitan,White,No,Republican,,I voted,Donald Trump
cadab565-25b5-4853-9964-8433d21a1cb6,1.765810592,Male,65+,High school graduate or GED,"$15,000 to under $50,000",West,Metropolitan,White,No,Republican,,I did not vote,
7108c111-8587-4298-8bb2-86ce1d4cf7a0,0.478963388,Male,30-49,2-year or associate degree,"$15,000 to under $50,000",West,Metropolitan,White,No,Republican,,I voted,Donald Trump
ccfdf03f-da49-4585-9ced-c942169cd7de,0.671568169,Male,50-64,4-year or bachelor degree,"$150,000 to under $200,000",Midwest,Metropolitan,White,No,Independent,The Republican Party,I voted,Donald Trump
cc9cff40-1399-457e-8f94-9b6df4a83752,0.678116256,Female,30-49,4-year or bachelor degree,"$100,000 to under $150,000",Northeast,Metropolitan,White,No,Republican,,I voted,Donald Trump
77ac7563-fe35-4a07-9539-0996448e80f7,0.583858928,Female,30-49,4-year or bachelor degree,"$15,000 to under $50,000",South,Non-metro,Black or African-American,No,Independent,Neither,I did not vote,
91a58b6b-1559-4ef9-b208-9e52b2109b82,0.800406893,Male,50-64,Post-graduate degree,"More than $200,000",Northeast,Metropolitan,Asian or Asian-American,No,Democrat,,I voted,Kamala Harris
3a6425b1-5059-4ed6-a9d9-e4c765849f3c,0.710321431,Female,30-49,2-year or associate degree,"$75,000 to under $100,000",Midwest,Metropolitan,White,No,Republican,,I voted,Donald Trump
99463bb2-b130-4336-891b-3a825bfb66aa,1.577357346,Male,30-49,4-year or bachelor degree,"$150,000 to under $200,000",Northeast,Metropolitan,White,No,Republican,,I was not registered to vote,
40d3fb3e-629f-4865-9ee0-0779f3982c73,1.241843463,Male,30-49,High school graduate or GED,"$150,000 to under $200,000",Northeast,Metropolitan,White,No,Republican,,I voted,Donald Trump
5a186c70-8b43-47fc-bb39-77ce2a009079,1.203549721,Male,65+,Post-graduate degree,"More than $200,000",South,Metropolitan,Some other race,No,Independent,The Republican Party,,
d336350b-04d2-48c7-a04e-96aaefe92f9b,1.319542911,Female,65+,High school graduate or GED,"$75,000 to under $100,000",West,Metropolitan,White,No,Republican,,I voted,Donald Trump
cff4277b-013d-410a-b872-f9031c2d447b,1.342476234,Female,30-49,4-year or bachelor degree,"$100,000 to under $150,000",West,Metropolitan,White,Yes,Other or none,Neither,I voted,Someone else
94674e07-4493-491d-b497-0f6285caf6fa,1.396092088,Male,50-64,"Some college, no degree","$50,000 to under $75,000",South,Metropolitan,White,No,Independent,Neither,I voted,Someone else
88368692-eebc-4bc3-9770-a2d6eb6268fc,1.198030649,Male,50-64,High school graduate or GED,"Less than $15,000",South,Metropolitan,White,No,Independent,The Democratic Party,I did not vote,
5627dea3-b8e1-47b5-b20e-0fef92d26860,1.191135939,Female,50-64,2-year or associate degree,"$100,000 to under $150,000",West,Metropolitan,White,No,Other or none,The Republican Party,I voted,Someone else
f6b29983-52d4-4d5d-b183-235c2b7870b4,0.659761552,Male,30-49,4-year or bachelor degree,"$100,000 to under $150,000",Midwest,Metropolitan,White,No,Democrat,,I voted,Kamala Harris
df0ce2fa-357b-4229-8e02-1cd4c21c0894,0.803681081,Male,65+,Post-graduate degree,"$100,000 to under $150,000",South,Non-metro,White,No,Independent,The Republican Party,I voted,Donald Trump
7c8ebdfc-cefd-415d-b49b-6290deea1d07,0.674277227,Female,65+,Post-graduate degree,"$100,000 to under $150,000",West,Metropolitan,White,No,Independent,The Democratic Party,I voted,Kamala Harris
ec44a39a-3d26-4498-a6c6-2b5ca404c36a,1.332794842,Male,50-64,Post-graduate degree,"More than $200,000",South,Metropolitan,White,No,Independent,Neither,I voted,Someone else
f32275e3-3ccc-4e97-8bef-d860c4ceaf5f,1.03685268,Male,65+,"Some college, no degree","$75,000 to under $100,000",Northeast,Non-metro,White,No,Republican,,I voted,Donald Trump
5ec1d30c-6d30-47f3-a876-bedc9b173200,0.982198878,Female,30-49,High school graduate or GED,"Less than $15,000",Midwest,Metropolitan,White,No,Other or none,Neither,I was not registered to vote,
a0fd5b47-dbe1-4a20-875f-8884f507f203,0.686598359,Male,50-64,Post-graduate degree,"$150,000 to under $200,000",West,Metropolitan,White,No,Democrat,,I voted,Kamala Harris
99dda1a2-a4d4-43b6-a8f6-80abed8fb491,1.022151314,Female,50-64,Some high school or less,"$15,000 to under $50,000",South,Metropolitan,White,No,Other or none,Neither,I did not vote,
00c0e37d-d6c3-43a6-baf4-a12c1d0484b6,0.331792858,Female,30-49,2-year or associate degree,"$15,000 to under $50,000",West,Metropolitan,White,No,Independent,The Republican Party,I voted,Donald Trump
7340ffb3-89a6-413b-8d84-fe1d070f83da,0.484316393,Male,65+,"Some college, no degree","$15,000 to under $50,000",West,Metropolitan,White,No,Independent,The Republican Party,I voted,Donald Trump
ccf863b2-d09c-4333-895e-1b2b72d14ec6,1.102630182,Female,50-64,High school graduate or GED,"$50,000 to under $75,000",South,Metropolitan,White,No,Republican,,I voted,Donald Trump
499dc727-3ac9-4539-8936-75697734e962,0.569927012,Female,50-64,"Some college, no degree","$50,000 to under $75,000",South,Metropolitan,Black or African-American,No,Democrat,,I voted,Kamala Harris
c5c33759-3d79-4972-a42c-ce956e1f0be5,0.572977233,Female,50-64,4-year or bachelor degree,"$100,000 to under $150,000",South,Metropolitan,White,No,Independent,The Republican Party,I voted,Donald Trump
9d98f57b-fbea-4f10-b92a-17dd846ba008,0.860690809,Male,65+,"Some college, no degree","$75,000 to under $100,000",Midwest,Metropolitan,White,No,Democrat,,I voted,Kamala Harris
1b60d2f6-5eb0-4311-9cfe-55bc73f59556,0.675966398,Male,30-49,2-year or associate degree,"$100,000 to under $150,000",South,Metropolitan,White,No,Other or none,The Republican Party,I voted,Donald Trump
6a468029-5a62-42c5-ba4b-a76eba0dd103,2.102748436,Female,30-49,High school graduate or GED,"$50,000 to under $75,000",South,Metropolitan,White,No,Republican,,I did not vote,
96215f7a-b66d-446e-a7f3-fee0fc1a315a,0.613621808,Female,50-64,2-year or associate degree,"$50,000 to under $75,000",Northeast,Metropolitan,White,No,Democrat,,I voted,Kamala Harris
06204d55-66ec-4baa-a9b2-157001be7531,0.989842945,Male,65+,Post-graduate degree,"$100,000 to under $150,000",South,Metropolitan,White,No,Republican,,I voted,Donald Trump
d32d53bd-e57d-4420-8f8d-6cbb54d7cefd,0.691748698,Male,50-64,2-year or associate degree,"$100,000 to under $150,000",Northeast,Metropolitan,White,No,Independent,The Republican Party,I voted,Kamala Harris
9730ed72-743c-4355-a255-6ce1ad6aab98,0.718260147,Female,65+,"Some college, no degree","$100,000 to under $150,000",West,Metropolitan,White,No,Independent,The Republican Party,I voted,Donald Trump
1b87a615-f45c-4f4d-b4a6-3e082f5fab9e,0.877119907,Male,50-64,Post-graduate degree,"$15,000 to under $50,000",Northeast,Metropolitan,Black or African-American,No,Republican,,I did not vote,
8c788f26-4bf2-42e3-9b63-bb7fec260d31,1.648200744,Male,30-49,"Some college, no degree","$150,000 to under $200,000",West,Metropolitan,White,Yes,Other or none,The Republican Party,I did not vote,
34e6d82b-8949-415e-a158-8c9e813aee56,0.612781236,Male,30-49,Post-graduate degree,"More than $200,000",South,Metropolitan,Black or African-American,No,Democrat,,I voted,Kamala Harris
ae3e0767-cd0b-4685-a8f0-709be8df001a,1.319542911,Female,65+,High school graduate or GED,"$50,000 to under $75,000",West,Metropolitan,White,No,Republican,,I voted,Donald Trump
17db4ea6-2ec1-44a1-916f-dc3db3ae0e51,1.063075295,Female,30-49,"Some college, no degree","$75,000 to under $100,000",South,Metropolitan,Black or African-American,No,Other or none,The Democratic Party,I was not registered to vote,
0b4c0f16-166e-4eda-b46b-68a0f5f051cf,0.466330116,Male,30-49,4-year or bachelor degree,"Less than $15,000",Northeast,Metropolitan,White,Yes,Democrat,,I voted,Kamala Harris
fc6bda5a-3b2c-4d77-b0bd-9700052e08cf,0.986780426,Male,50-64,"Some college, no degree","$15,000 to under $50,000",South,Metropolitan,Native American or American Indian,Yes,Other or none,Neither,I was not registered to vote,
c49b24c6-f8a5-4084-ab5a-f0eaacdc42e1,0.843557243,Male,50-64,4-year or bachelor degree,"$50,000 to under $75,000",West,Metropolitan,Mixed race,Yes,Democrat,,I voted,Kamala Harris
395cb868-f404-4ba6-9888-392952aa8d1a,1.564519529,Male,18-29,Post-graduate degree,"$50,000 to under $75,000",South,Metropolitan,White,No,Independent,The Democratic Party,,
f959ded3-ac72-424e-be0a-143332153efb,0.526742439,Female,30-49,"Some college, no degree","$75,000 to under $100,000",Northeast,Metropolitan,Black or African-American,No,Independent,The Democratic Party,I voted,Kamala Harris
e0b04659-a595-44ef-ae02-b40c7fb50cb7,0.659761552,Male,30-49,4-year or bachelor degree,"$75,000 to under $100,000",West,Metropolitan,White,No,Democrat,,I voted,Kamala Harris
4b199dc1-946e-43e1-8f4c-3537384cd83a,0.989842945,Male,65+,Post-graduate degree,"$75,000 to under $100,000",South,Metropolitan,White,No,Republican,,I voted,Donald Trump
b47d813a-e999-4079-8174-1e70e9e57cca,0.731904364,Female,50-64,Post-graduate degree,"$50,000 to under $75,000",Northeast,Metropolitan,White,Yes,Democrat,,I voted,Donald Trump
f4e22758-7cbb-4a06-932a-e07afaf092cb,0.550581492,Female,30-49,4-year or bachelor degree,"$75,000 to under $100,000",Midwest,Metropolitan,White,No,Independent,Neither,I voted,Donald Trump
a8e7cb34-c75f-4d00-9bfa-7343e58a714d,0.803681081,Male,65+,Post-graduate degree,"$50,000 to under $75,000",Northeast,Metropolitan,White,No,Independent,Neither,I voted,Donald Trump
df91dbdb-6acb-409f-9ae4-4c273ff49c88,0.85307376,Female,18-29,High school graduate or GED,"Less than $15,000",South,Metropolitan,Black or African-American,No,Independent,Neither,I voted,Kamala Harris
8b0ce771-802e-4373-9afb-b7d421267f1a,0.716334843,Male,18-29,4-year or bachelor degree,"$15,000 to under $50,000",South,Metropolitan,White,No,Democrat,,I voted,Kamala Harris
971fec1d-cb62-400b-bc3a-f24052dc2ccf,0.613621808,Female,50-64,"Some college, no degree","$50,000 to under $75,000",West,Metropolitan,White,No,Democrat,,I voted,Kamala Harris
4eda2ade-8c6c-43cb-8eec-a7d1829f1cf4,1.200331127,Male,50-64,High school graduate or GED,"$50,000 to under $75,000",South,Metropolitan,Black or African-American,No,Republican,,I voted,Donald Trump
fddf67e9-23bf-4d00-94a8-dc6078c5327e,0.743493671,Male,50-64,High school graduate or GED,"$15,000 to under $50,000",West,Metropolitan,White,No,Republican,,I voted,Donald Trump
4f86ee45-4205-4de2-8679-b33e9105fcbf,1.03685268,Male,65+,2-year or associate degree,"$100,000 to under $150,000",South,Metropolitan,White,No,Republican,,I voted,Donald Trump
8a9543fb-5323-4227-ab79-4814ad2edb65,0.645318841,Male,30-49,Post-graduate degree,"$100,000 to under $150,000",South,Metropolitan,White,No,Independent,The Republican Party,I voted,Donald Trump
c11ffdbf-09e6-49d4-8e05-3e01e8dced79,3.122539368,Male,18-29,High school graduate or GED,"$50,000 to under $75,000",South,Metropolitan,White,Yes,Democrat,,,
6fb370c3-f1b4-46df-86af-ddd0e7abcbde,0.685992682,Male,65+,High school graduate or GED,"Less than $15,000",South,Non-metro,Black or African-American,No,Democrat,,I voted,Kamala Harris
94a2b780-f506-49bc-b2d1-3390508fe563,0.585284126,Female,65+,High school graduate or GED,"Less than $15,000",Midwest,Metropolitan,Black or African-American,No,Democrat,,I voted,Kamala Harris
02676787-f5f7-4424-b7f7-71dcba0c5303,0.884635406,Female,65+,"Some college, no degree","More than $200,000",South,Metropolitan,White,No,Republican,,I voted,Donald Trump
25b6fc51-203c-46c0-8c41-9b7aed08a53b,0.841914111,Female,50-64,"Some college, no degree","$15,000 to under $50,000",,,Some other race,Yes,Other or none,Neither,I voted,Someone else
76925349-ab2f-40d6-a8d7-8e2bd2c22ea9,0.585800885,Female,50-64,Post-graduate degree,"$100,000 to under $150,000",Northeast,Metropolitan,White,No,Democrat,,I voted,Kamala Harris
9dbe2f49-35bd-4fbd-ad9d-b84be85d56fe,0.701041399,Female,65+,4-year or bachelor degree,"$75,000 to under $100,000",West,Metropolitan,White,No,Democrat,,I voted,Kamala Harris
f762d434-e051-41d2-b2c4-242a880daf35,1.072785078,Male,50-64,High school graduate or GED,"$50,000 to under $75,000",South,Metropolitan,White,No,Democrat,,I voted,Kamala Harris
fe38cbc5-3a3b-4a91-a48d-4927db8dec0b,1.292357339,Male,50-64,High school graduate or GED,"$50,000 to under $75,000",South,Metropolitan,White,No,Republican,,I voted,Donald Trump
66277e36-8ccc-474b-a526-00ea8ffb62e6,0.315063538,Female,30-49,"Some college, no degree","$15,000 to under $50,000",West,Metropolitan,Black or African-American,No,Democrat,,I voted,Kamala Harris
43b63842-3a63-4be5-a8e1-bfe90742419e,0.550581492,Female,30-49,4-year or bachelor degree,"$100,000 to under $150,000",South,Metropolitan,White,No,Other or none,Neither,I voted,Donald Trump
35008a6f-2460-4cfd-bcee-1e3b2efda093,0.674277227,Female,65+,Post-graduate degree,"$100,000 to under $150,000",Midwest,Metropolitan,White,No,Independent,Neither,I voted,Kamala Harris
439051b6-ac5a-4610-a28a-ce7b67f28ce9,0.926541661,Male,30-49,4-year or bachelor degree,"$50,000 to under $75,000",Midwest,Non-metro,Mixed race,No,Republican,,I voted,Donald Trump
0c5685ac-e76a-418a-ad89-769b7f327de8,0.917596202,Male,65+,Post-graduate degree,"$15,000 to under $50,000",Midwest,Metropolitan,White,No,Independent,The Republican Party,I did not vote,
57f51543-b82f-43db-bf72-c1b7cee76c51,1.283826588,Male,65+,High school graduate or GED,"$75,000 to under $100,000",West,Metropolitan,White,No,Democrat,,I voted,Kamala Harris
f92af031-309e-4123-8dc8-58652af34da3,1.017076899,Male,65+,2-year or associate degree,"$50,000 to under $75,000",West,Metropolitan,White,Yes,Independent,Neither,I voted,Kamala Harris
5bac58d1-f856-407a-a187-953efb3b7d01,0.989842945,Male,65+,4-year or bachelor degree,"$75,000 to under $100,000",South,Non-metro,White,No,Republican,,I voted,Donald Trump
5ec0e45e-27c4-4c9a-a3c7-90438c5cb900,0.701041399,Female,65+,4-year or bachelor degree,"$150,000 to under $200,000",South,Metropolitan,White,No,Democrat,,I voted,Kamala Harris
39f84fce-3e01-4103-8f7f-dc32b98164d8,0.800406893,Male,50-64,Post-graduate degree,"More than $200,000",Midwest,Metropolitan,Asian or Asian-American,No,Democrat,,I voted,Kamala Harris
d2796c9d-79b9-4780-9e85-f8b95198c832,0.790298631,Male,65+,4-year or bachelor degree,"$100,000 to under $150,000",South,Metropolitan,White,No,Other or none,Neither,I voted,Kamala Harris
f7a15e7e-6e92-4f6a-a052-e7fa8a8934fc,1.964443273,Male,65+,Post-graduate degree,"More than $200,000",Northeast,Metropolitan,White,No,Republican,,I voted,Someone else
7d847f26-1caa-436d-9c7c-cb562daed83c,0.989842945,Male,65+,4-year or bachelor degree,"More than $200,000",Northeast,Metropolitan,White,No,Republican,,I voted,Donald Trump
a8e516ad-ba4e-473a-b587-4a5eef326452,0.379920082,Male,50-64,4-year or bachelor degree,"$15,000 to under $50,000",South,Metropolitan,White,No,Independent,The Democratic Party,I voted,Kamala Harris
76748106-9e38-42d3-a363-429abc62c6fc,0.671568169,Male,50-64,Post-graduate degree,"More than $200,000",Midwest,Metropolitan,White,No,Independent,The Republican Party,I voted,Donald Trump
2bda5846-f463-49a5-b28e-d2963e9c8a63,0.860690809,Male,65+,"Some college, no degree","$75,000 to under $100,000",Northeast,Metropolitan,White,No,Democrat,,I voted,Kamala Harris
d0024d06-a4ec-44c8-bd4f-5392bf3b2d99,1.49298555,Male,30-49,4-year or bachelor degree,"$150,000 to under $200,000",Northeast,Metropolitan,Some other race,No,Other or none,Neither,I voted,Someone else
3c064688-cc0e-4ca7-95c5-4d9f00f83f8f,0.769121696,Male,30-49,4-year or bachelor degree,"$75,000 to under $100,000",West,Metropolitan,Asian or Asian-American,No,Democrat,,I voted,Kamala Harris
b892ad25-6a4e-4b0e-8f42-b5be7a92b83f,1.280700401,Male,30-49,4-year or bachelor degree,"$75,000 to under $100,000",Northeast,Metropolitan,White,No,Independent,The Democratic Party,I was not registered to vote,
94a34c78-ed1a-48c3-b85a-9e87c3cf119a,0.821668055,Male,65+,4-year or bachelor degree,"$75,000 to under $100,000",Midwest,Metropolitan,White,No,Democrat,,I voted,Kamala Harris
76eefdeb-3e30-42f4-909f-79e33fbc50da,0.573225948,Male,50-64,High school graduate or GED,"$15,000 to under $50,000",Northeast,Metropolitan,Black or African-American,No,Democrat,,I voted,Kamala Harris
78e13370-0ba3-4273-8ebe-3afaf49587eb,0.743493671,Male,50-64,High school graduate or GED,"$15,000 to under $50,000",South,Metropolitan,White,No,Republican,,I voted,Donald Trump
e19a73e1-431b-4fb7-8e84-b7766b566222,0.659761552,Male,30-49,4-year or bachelor degree,"$75,000 to under $100,000",South,Metropolitan,White,No,Democrat,,I voted,Kamala Harris
a05be575-1653-4d47-b8c1-cfb770fb8b71,1.071373674,Female,65+,High school graduate or GED,"$100,000 to under $150,000",South,Metropolitan,White,No,Independent,Neither,I voted,Donald Trump
9edd3b77-e96e-4616-8d13-3bab1350c9fe,0.872703496,Female,30-49,"Some college, no degree","$75,000 to under $100,000",West,Metropolitan,White,Yes,Republican,,I voted,Donald Trump
69cc20a0-e82e-4b04-b805-882683a7cf63,1.273804759,Female,30-49,4-year or bachelor degree,"$100,000 to under $150,000",West,Metropolitan,Mixed race,No,Independent,Neither,I voted,Someone else
b2d92f01-f442-416f-9081-67416c8dda01,1.245149257,Male,18-29,Post-graduate degree,"$100,000 to under $150,000",West,Metropolitan,White,No,Democrat,,I voted,Kamala Harris
6c12b552-3345-4854-928a-cdf669a91b0e,0.403309385,Female,65+,Post-graduate degree,"$15,000 to under $50,000",Midwest,Metropolitan,White,No,Democrat,,I voted,Kamala Harris
b48b70fd-ed08-4e5e-8121-c4b2bf8c2d5f,0.494910005,Female,30-49,High school graduate or GED,"$15,000 to under $50,000",Midwest,Non-metro,White,No,Other or none,The Republican Party,I voted,Donald Trump
406bb52c-b7c8-4d6a-908f-6a1e0841a163,0.894410202,Female,30-49,High school graduate or GED,"$50,000 to under $75,000",Midwest,Non-metro,White,No,Democrat,,I voted,Donald Trump
966b1fda-da55-4978-9c45-dc3023ce0174,0.989842945,Male,65+,4-year or bachelor degree,"$75,000 to under $100,000",South,Metropolitan,White,No,Republican,,I voted,Donald Trump
161d0efe-08b0-417f-9654-524ef3a1c381,0.502860529,Female,30-49,Post-graduate degree,"$100,000 to under $150,000",South,Metropolitan,Black or African-American,No,Independent,Neither,I voted,Kamala Harris
b426d5e5-118a-4036-8974-b4b8b8102484,0.541413515,Female,30-49,4-year or bachelor degree,"$100,000 to under $150,000",Northeast,Metropolitan,White,No,Independent,The Democratic Party,I voted,Kamala Harris
6bf4e3bf-4c8d-45d0-b567-5a444c4ab130,0.803681081,Male,65+,4-year or bachelor degree,"$75,000 to under $100,000",South,Metropolitan,White,No,Independent,The Republican Party,I voted,Donald Trump
a98e21e6-1a0c-4d8a-a143-b8f5c1fc899d,0.674277227,Female,65+,4-year or bachelor degree,"$75,000 to under $100,000",West,Metropolitan,White,No,Independent,The Democratic Party,I voted,Kamala Harris
c64132e6-329d-4078-a899-8354f05767c3,1.847250114,Female,50-64,High school graduate or GED,"$50,000 to under $75,000",South,Metropolitan,White,No,Democrat,,I voted,Someone else
8b24e822-6d49-4ce5-b028-011239e03016,0.810585445,Male,30-49,Post-graduate degree,"$50,000 to under $75,000",West,Metropolitan,Some other race,Yes,Democrat,,I voted,Kamala Harris
5d45e4c0-6266-45ed-b5bd-4f4eeefb070f,0.867025181,Female,50-64,Post-graduate degree,"$100,000 to under $150,000",Northeast,Metropolitan,White,Yes,Republican,,I voted,Donald Trump
4714d452-60b5-4c82-bab1-b616f903bfed,0.803681081,Male,65+,Post-graduate degree,"$75,000 to under $100,000",Midwest,Non-metro,White,No,Independent,The Republican Party,I voted,Donald Trump
dabd7555-65e3-47ff-98fc-23972bc9a000,0.989216326,Male,50-64,2-year or associate degree,"$15,000 to under $50,000",Northeast,Metropolitan,White,No,Republican,,I voted,Someone else
35e06531-fdd1-4634-a7e3-60201629c840,1.409704604,Female,30-49,"Some college, no degree","$100,000 to under $150,000",Midwest,Metropolitan,White,No,Republican,,I did not vote,
1b253e5d-5017-4002-9835-59659982c305,0.790298631,Male,65+,4-year or bachelor degree,"$75,000 to under $100,000",West,Metropolitan,White,No,Independent,The Democratic Party,I voted,Kamala Harris
4bebb03c-48cc-4fbf-8c8b-0f64e3089110,1.546593766,Male,65+,High school graduate or GED,"$50,000 to under $75,000",Northeast,Metropolitan,White,No,Republican,,I voted,Donald Trump
c9d1651d-c558-4280-831f-4720f4a674a0,0.827831585,Male,65+,"Some college, no degree","$100,000 to under $150,000",West,Metropolitan,White,No,Independent,The Democratic Party,I voted,Kamala Harris
a362c5d6-3a9b-4f47-b1de-a1737d4e8852,0.705699668,Female,50-64,4-year or bachelor degree,"$75,000 to under $100,000",South,Metropolitan,White,No,Republican,,I voted,Donald Trump
cf73752c-19fe-406b-b232-91710fb0356a,0.691585794,Female,30-49,Post-graduate degree,"More than $200,000",South,Metropolitan,White,Yes,Democrat,,I voted,Kamala Harris
0ad53800-0097-43a5-935a-34e26f1cd377,1.304284029,Male,18-29,2-year or associate degree,"$75,000 to under $100,000",Northeast,Metropolitan,White,No,Democrat,,I voted,Kamala Harris
ee8052c5-bae8-46b2-a6ca-9e59e5e5953d,0.989842945,Male,65+,Post-graduate degree,"$100,000 to under $150,000",Northeast,Metropolitan,White,No,Republican,,I voted,Donald Trump
ce6dff87-4bc8-4b1b-a04b-a8fb188599aa,0.701041399,Female,65+,Post-graduate degree,"$50,000 to under $75,000",Midwest,Metropolitan,White,No,Democrat,,I voted,Kamala Harris
8b9fa56b-cfe1-4291-8467-1ea40c6f3c8d,0.790298631,Male,65+,Post-graduate degree,"$75,000 to under $100,000",West,Metropolitan,White,No,Independent,The Democratic Party,I voted,Kamala Harris
73e15ad9-e4b0-4e5b-bbdc-5328534708b9,0.821668055,Male,65+,4-year or bachelor degree,"$75,000 to under $100,000",South,Metropolitan,White,No,Democrat,,I voted,Kamala Harris
b86c4137-4f92-426e-8718-647b135a18b0,0.619341377,Female,30-49,Post-graduate degree,"$75,000 to under $100,000",South,Metropolitan,Black or African-American,No,Republican,,I voted,Kamala Harris
da8eaf94-58e9-438e-8196-92d70564285d,0.861744926,Female,50-64,2-year or associate degree,"More than $200,000",South,Non-metro,Mixed race,No,Republican,,I voted,Donald Trump
d7bdab2b-c230-4906-a931-3357d57b90b7,1.520840748,Male,65+,High school graduate or GED,"$50,000 to under $75,000",Midwest,Metropolitan,White,No,Republican,,I voted,Kamala Harris
de1691f7-f0a4-4e80-ba90-57203f8fa818,1.127362034,Male,65+,4-year or bachelor degree,"$15,000 to under $50,000",South,Metropolitan,Mixed race,Yes,Other or none,Neither,I did not vote,
c952b89f-0215-4dd7-a5ba-857e83b9c93e,1.838815483,Male,30-49,4-year or bachelor degree,"$100,000 to under $150,000",West,Metropolitan,Asian or Asian-American,No,Republican,,I voted,Someone else
7a927425-0aeb-4d0e-b728-b1ba3d615135,0.685695039,Female,65+,Post-graduate degree,"More than $200,000",South,Metropolitan,White,No,Independent,Neither,I voted,Donald Trump
4fe0f6ff-bc37-46a7-a326-0efc8e509a76,1.217891938,Male,18-29,Post-graduate degree,"$150,000 to under $200,000",Midwest,Metropolitan,White,No,Independent,The Republican Party,I voted,Donald Trump
d6133dae-da50-419a-8930-d6c1334f6468,0.569927012,Female,50-64,2-year or associate degree,"$50,000 to under $75,000",South,Metropolitan,Black or African-American,No,Democrat,,I voted,Kamala Harris
b7c9b346-dfe3-43da-bd44-c3a1380b98f5,0.702797618,Male,30-49,2-year or associate degree,"$75,000 to under $100,000",South,Metropolitan,White,No,Democrat,,I voted,Donald Trump
00fc151c-43c5-4f60-bdad-e33efb1256b5,0.701041399,Female,65+,Post-graduate degree,"$75,000 to under $100,000",South,Metropolitan,White,No,Democrat,,I voted,Kamala Harris
6da9ee65-a854-461f-968d-0c1c917faee6,3.77652113,Male,18-29,Some high school or less,"$100,000 to under $150,000",South,Metropolitan,White,No,Independent,Neither,I was not registered to vote,
0b2f98da-564b-4696-bfa7-1be8aab81519,0.982198878,Female,30-49,High school graduate or GED,"Less than $15,000",South,Non-metro,White,No,Other or none,Neither,I did not vote,
d9cee385-e43a-4999-b2b1-0129d69cd4a8,2.172634048,Male,18-29,High school graduate or GED,"$15,000 to under $50,000",South,Metropolitan,White,No,Other or none,The Democratic Party,I was not registered to vote,
db250e93-4ff5-4338-b06c-c6f5993d9c21,1.586398413,Female,65+,Post-graduate degree,"$100,000 to under $150,000",Northeast,Metropolitan,Asian or Asian-American,No,Other or none,The Democratic Party,I was not registered to vote,
194fba36-3cc8-4d5c-a8c2-cafe012b6dc2,0.365070291,Male,30-49,4-year or bachelor degree,"Less than $15,000",South,Metropolitan,White,No,Independent,The Democratic Party,I voted,Kamala Harris
aeaf27fd-044a-4b4a-af50-413994e2202f,2.499438474,Female,18-29,4-year or bachelor degree,"$50,000 to under $75,000",Midwest,Metropolitan,Asian or Asian-American,No,Democrat,,I was not registered to vote,
06a41716-3b08-44d1-88f8-8398770eb041,0.706300079,Female,65+,2-year or associate degree,"$50,000 to under $75,000",Midwest,Metropolitan,White,No,Independent,Neither,I voted,Kamala Harris
593c96e9-4d39-4d20-9b80-5f96e799010e,2.097570513,Female,30-49,Some high school or less,"$50,000 to under $75,000",South,Metropolitan,White,Yes,Independent,Neither,I did not vote,
f14ded93-63c8-44a2-a13d-beb297185afc,1.332794842,Male,50-64,4-year or bachelor degree,"$75,000 to under $100,000",West,Metropolitan,White,No,Independent,The Republican Party,I did not vote,
16cb600e-6c3b-496e-8fb1-41f8aa3e2265,0.884635406,Female,65+,"Some college, no degree","$100,000 to under $150,000",Northeast,Metropolitan,White,No,Republican,,I voted,Donald Trump
df7c2f01-dda0-49c2-9ed5-5fb9d6a1de96,1.03685268,Male,65+,"Some college, no degree","$100,000 to under $150,000",Northeast,Metropolitan,White,No,Republican,,I voted,Donald Trump
0962f03a-d07d-4f1a-a9be-25cf19b7eff8,0.90220707,Female,65+,2-year or associate degree,"$50,000 to under $75,000",South,Metropolitan,White,Yes,Democrat,,I voted,Kamala Harris
dcf8e2cf-4184-4d0d-8917-0f7b141945da,1.154884163,Female,65+,4-year or bachelor degree,,Midwest,Metropolitan,White,No,Independent,,I voted,Someone else
a72321f2-5a9c-4e26-b1c7-1992534bc081,0.996394172,Male,50-64,High school graduate or GED,"$150,000 to under $200,000",Midwest,Metropolitan,Black or African-American,No,Democrat,,I voted,Kamala Harris
d92f0c16-da5f-41e0-8461-d2caddfb5683,0.664710582,Male,30-49,"Some college, no degree","$50,000 to under $75,000",Midwest,Metropolitan,White,No,Independent,The Democratic Party,I voted,Kamala Harris
482e70ee-f90c-45e0-8406-397f6468b60c,0.719206367,Male,50-64,"Some college, no degree","$50,000 to under $75,000",West,Non-metro,White,No,Democrat,,I voted,Kamala Harris
6de82a29-0960-4674-aecb-dd2ca87744d1,0.718260147,Female,65+,"Some college, no degree","$50,000 to under $75,000",Midwest,Metropolitan,White,No,Independent,The Republican Party,I voted,Donald Trump
578ebe5e-0da9-4c78-a1f1-3ef829c560e2,1.245149257,Male,18-29,4-year or bachelor degree,"$75,000 to under $100,000",Midwest,Metropolitan,White,No,Democrat,,I voted,Kamala Harris
1ea9e8b0-1071-4a4c-a418-26179de48a42,0.600189134,Female,50-64,"Some college, no degree","$75,000 to under $100,000",Northeast,Metropolitan,White,No,Independent,Neither,I voted,Donald Trump
41c212dc-235f-45d7-a7cf-809e0b177965,0.674277227,Female,65+,4-year or bachelor degree,"More than $200,000",Northeast,Metropolitan,White,No,Independent,The Democratic Party,I voted,Kamala Harris
3027c8d7-2bf8-4578-a20b-f4baef366350,1.637476595,Male,50-64,4-year or bachelor degree,"More than $200,000",South,Non-metro,Mixed race,Yes,Independent,Neither,I did not vote,
47b86043-6569-48b3-9737-c73a5d69a2fd,1.080577765,Female,30-49,High school graduate or GED,"$50,000 to under $75,000",South,Metropolitan,Some other race,Yes,Democrat,,I voted,Kamala Harris
6899994e-43c0-441d-9668-777f83223e0a,0.915292675,Female,50-64,High school graduate or GED,"$75,000 to under $100,000",West,Metropolitan,White,No,Democrat,,I voted,Kamala Harris
7678690e-dacb-43a0-ae76-b1a487550673,1.331535405,Male,30-49,4-year or bachelor degree,"$75,000 to under $100,000",Midwest,Metropolitan,White,No,Democrat,,I did not vote,
36f0e26f-a67a-4a28-88a5-f01563784973,0.921296219,Male,65+,4-year or bachelor degree,"$75,000 to under $100,000",South,Metropolitan,Pacific Islander,No,Other or none,Neither,I voted,Kamala Harris
e9aef5bc-78b3-4a74-a0ec-c0ef61156a3c,0.66038559,Male,50-64,Post-graduate degree,"$150,000 to under $200,000",West,Metropolitan,White,No,Independent,The Republican Party,I voted,Kamala Harris
ba41faa3-c110-44ee-8cc3-57936c6b628d,0.425270579,Female,50-64,"Some college, no degree","$15,000 to under $50,000",Midwest,Metropolitan,White,No,Republican,,I voted,Donald Trump
c4c41895-12b0-4ad3-89c4-3d01ef5f896b,0.585800885,Female,50-64,Post-graduate degree,"$150,000 to under $200,000",Northeast,Metropolitan,White,No,Democrat,,I voted,Kamala Harris
ead32521-a8cb-446b-b41e-e643686ed880,1.305210246,Female,18-29,4-year or bachelor degree,"More than $200,000",Midwest,Metropolitan,White,Yes,Democrat,,I voted,Kamala Harris
c407528c-558e-4a97-adc0-d097ab5dae27,1.297261406,Female,18-29,2-year or associate degree,"$100,000 to under $150,000",West,Metropolitan,Asian or Asian-American,No,Democrat,,I voted,Kamala Harris
0ba42e36-2b11-4442-8793-9f1aa348a85a,1.267708344,Male,50-64,High school graduate or GED,"$75,000 to under $100,000",West,Metropolitan,Some other race,Yes,Independent,The Democratic Party,I voted,Kamala Harris
8a8601c1-65b9-4afe-9703-d48fdc060d4b,0.884635406,Female,65+,"Some college, no degree","$100,000 to under $150,000",South,Metropolitan,White,No,Republican,,I voted,Donald Trump
37bce982-131f-40fb-acd0-4aa47b981416,1.03685268,Male,65+,"Some college, no degree","$50,000 to under $75,000",West,Metropolitan,White,No,Republican,,I voted,Donald Trump
dce59845-2c02-407b-844d-3a27ee952c78,0.989842945,Male,65+,4-year or bachelor degree,"$100,000 to under $150,000",Midwest,Metropolitan,White,No,Republican,,I voted,Donald Trump
7d13fe0e-c06e-4eaf-adf9-81ce51da9eb3,0.678116256,Female,30-49,4-year or bachelor degree,"More than $200,000",South,Metropolitan,White,No,Republican,,I voted,Donald Trump
99e828fb-0a7e-4ab3-8b11-b91a959af296,0.469956159,Female,30-49,High school graduate or GED,"$15,000 to under $50,000",South,Metropolitan,Black or African-American,No,Democrat,,I voted,Kamala Harris
df595064-3c4d-4f3a-8a50-b45fce22b278,0.674277227,Female,65+,Post-graduate degree,"$50,000 to under $75,000",Northeast,Metropolitan,White,No,Independent,The Democratic Party,I voted,Kamala Harris
4d88dde4-d31d-485c-b11d-85dfeead5d3a,0.921889007,Male,18-29,"Some college, no degree","$15,000 to under $50,000",West,Metropolitan,White,Yes,Democrat,,I voted,Kamala Harris
af7e6644-584e-4312-b8f0-9216dff46466,0.589637408,Female,30-49,2-year or associate degree,"$50,000 to under $75,000",Midwest,Metropolitan,White,No,Democrat,,I voted,Kamala Harris
31cddfe4-b571-4572-98fa-f07c42a9ba44,0.495762185,Female,50-64,"Some college, no degree","Less than $15,000",Midwest,Metropolitan,Asian or Asian-American,No,Republican,,I voted,Donald Trump
6688deeb-7d49-4cdd-95e0-edc30e2ae327,0.827127862,Male,50-64,Post-graduate degree,"$100,000 to under $150,000",Midwest,Metropolitan,White,No,Republican,,I voted,Donald Trump
9d059474-274b-4865-9cda-c9907bffad70,1.994965231,Other,18-29,High school graduate or GED,"$15,000 to under $50,000",Northeast,Metropolitan,White,No,Other or none,The Democratic Party,I did not vote,
41d2d331-707e-4070-9f47-b6b2121e3f6c,0.982198878,Female,30-49,High school graduate or GED,"$15,000 to under $50,000",South,Non-metro,White,No,Independent,Neither,I did not vote,
c8843f33-4cf4-4706-9709-5a0e0c7013c5,1.280700401,Male,30-49,Post-graduate degree,"More than $200,000",Midwest,Metropolitan,White,No,Independent,The Republican Party,I voted,Someone else
5192d8bf-5ad8-41c4-b8fd-5aa1629f0615,1.206733117,Female,30-49,High school graduate or GED,"Less than $15,000",West,Metropolitan,White,Yes,Independent,Neither,I did not vote,
4187b0e9-7eec-4270-8ad4-f64d18c01af8,1.318027652,Male,50-64,High school graduate or GED,"$50,000 to under $75,000",South,Metropolitan,White,Yes,Democrat,,I voted,Kamala Harris
77025b6f-89fd-4175-b550-93013096ec90,0.686598359,Male,50-64,4-year or bachelor degree,"$100,000 to under $150,000",South,Metropolitan,White,No,Democrat,,I voted,Kamala Harris
8812ba5b-68e1-4943-bdcc-fe770dd11afa,1.707280073,Female,30-49,High school graduate or GED,"$150,000 to under $200,000",Northeast,Metropolitan,White,No,Independent,Neither,I did not vote,
079a127c-9353-47c7-b54c-d5e383b80348,0.562903911,Female,30-49,4-year or bachelor degree,"$75,000 to under $100,000",South,Non-metro,White,No,Democrat,,I voted,Kamala Harris
3bdd6df8-40a5-4166-8504-d1e093d491a0,0.414053523,Female,50-64,4-year or bachelor degree,"$15,000 to under $50,000",Northeast,Metropolitan,White,Yes,Democrat,,I voted,Kamala Harris
2afa0ab2-ecb4-4d61-87f9-fa62f497284e,1.5257334,Male,30-49,High school graduate or GED,"$50,000 to under $75,000",West,Metropolitan,White,Yes,Republican,,I voted,Donald Trump
fd281f8e-652a-47da-82a4-4849118cf038,0.526568225,Female,50-64,High school graduate or GED,"$15,000 to under $50,000",South,Non-metro,White,No,Democrat,,I voted,Kamala Harris
a32ac5df-50e3-42c9-863a-844cc0d7cd00,0.722417687,Male,65+,High school graduate or GED,"Less than $15,000",South,Non-metro,White,No,Independent,The Republican Party,I voted,Donald Trump
e4464c1d-5ab0-431a-bb48-cb13129dbeaa,1.414373037,Male,30-49,High school graduate or GED,"$15,000 to under $50,000",Midwest,Metropolitan,Some other race,Yes,Independent,Neither,I voted,Someone else
95f6d36d-6356-418e-8eb5-d3e794b9c922,0.576729771,Female,30-49,"Some college, no degree","$75,000 to under $100,000",Midwest,Metropolitan,White,No,Independent,The Republican Party,I voted,Donald Trump
69fe5586-5cad-4948-be34-1ae2a77a7fc6,0.864276418,Male,50-64,2-year or associate degree,"$75,000 to under $100,000",South,Metropolitan,White,Yes,Independent,The Republican Party,I voted,Donald Trump
bfb6e1ba-6a96-4e08-ae2c-1dd891aefe4f,0.686598359,Male,50-64,4-year or bachelor degree,"$100,000 to under $150,000",West,Metropolitan,White,No,Democrat,,I voted,Kamala Harris
2cb64892-405f-4336-adca-11051dfff98d,1.092684565,Female,30-49,Post-graduate degree,"$100,000 to under $150,000",Midwest,Metropolitan,White,No,Independent,Neither,I voted,Someone else
e34cf477-5b58-487c-872e-edb409c5159a,0.498445954,Male,50-64,"Some college, no degree","$15,000 to under $50,000",South,Metropolitan,White,No,Republican,,I voted,Donald Trump
977c3232-34fb-431a-a86f-495b3c97f77f,0.671568169,Male,50-64,Post-graduate degree,"$75,000 to under $100,000",South,Metropolitan,White,No,Independent,The Republican Party,I voted,Donald Trump
5451d254-4fee-4229-a458-078738bf3645,0.710321431,Female,30-49,2-year or associate degree,"$50,000 to under $75,000",Midwest,Metropolitan,White,No,Republican,,I voted,Donald Trump
777bb5e3-0e3e-4d74-83ec-25a08322ed35,0.731531762,Male,65+,4-year or bachelor degree,"$15,000 to under $50,000",Midwest,Non-metro,White,No,Republican,,,
e6f02bfb-60b4-4f0d-a079-9a8c36a93300,0.821668055,Male,65+,Post-graduate degree,"$100,000 to under $150,000",South,Metropolitan,White,No,Democrat,,I voted,Kamala Harris
c9668a65-0572-49a1-87c7-aae5a77f40a6,1.999624867,Female,18-29,High school graduate or GED,"$75,000 to under $100,000",West,Metropolitan,White,No,Republican,,I voted,Donald Trump
00b7cb68-2454-4eaa-8b96-f110a9ede5c3,0.701041399,Female,65+,4-year or bachelor degree,"$50,000 to under $75,000",South,Metropolitan,White,No,Democrat,,I voted,Kamala Harris
4a7a73af-8d5c-4087-b18e-7a8ec36900bf,1.853676072,Female,18-29,Some high school or less,"Less than $15,000",South,Non-metro,White,No,Other or none,The Republican Party,I did not vote,
49fa67dc-7cd2-460a-956c-1198606d6627,0.606098372,Female,65+,High school graduate or GED,"$15,000 to under $50,000",Northeast,Non-metro,White,No,Independent,The Democratic Party,I voted,Kamala Harris
b395a92b-e91d-4712-8ad2-f3bec61b4b22,1.069228744,Male,30-49,Some high school or less,"$15,000 to under $50,000",Midwest,Metropolitan,Black or African-American,No,Independent,Neither,I did not vote,
3ca709f7-9fc5-47fc-804d-355228f02168,0.701041399,Female,65+,Post-graduate degree,"$50,000 to under $75,000",Midwest,Metropolitan,White,No,Democrat,,I voted,Kamala Harris
9003e4c9-e683-4cf8-9dbf-77ee675d6da3,0.827127862,Male,50-64,4-year or bachelor degree,"More than $200,000",Northeast,Metropolitan,White,No,Republican,,I voted,Donald Trump
5d8e7b76-8e64-453b-b8ce-83f628dc65c3,0.849081862,Male,30-49,2-year or associate degree,"$75,000 to under $100,000",South,Metropolitan,White,Yes,Democrat,,I voted,Kamala Harris
d05a7f29-8ee2-4f32-9f83-244176cad0ca,0.821668055,Male,65+,Post-graduate degree,"$100,000 to under $150,000",Northeast,Metropolitan,White,No,Democrat,,I voted,Kamala Harris
eb6f016b-1dc6-4cb8-a379-b553f6220067,0.86990495,Female,65+,"Some college, no degree","$75,000 to under $100,000",West,Metropolitan,White,No,Republican,,I voted,Kamala Harris
86aec56e-ae11-4c45-bb1b-a3b4e77d5537,1.95960592,Male,65+,4-year or bachelor degree,"$75,000 to under $100,000",South,Non-metro,White,Yes,Other or none,Neither,I voted,Someone else
0998d255-17e3-4b9e-bcb9-e106a8fa4337,1.385697637,Male,50-64,4-year or bachelor degree,"More than $200,000",Northeast,Metropolitan,White,No,Democrat,,I voted,Someone else
9d386e80-ecfb-4ea2-920e-6e28a256ae24,0.94436637,Male,50-64,Post-graduate degree,"Less than $15,000",Northeast,Metropolitan,White,No,Republican,,I did not vote,
d298202c-a861-473f-92eb-fad8ed776ae2,1.490619311,Male,65+,High school graduate or GED,"$15,000 to under $50,000",West,Non-metro,White,No,Democrat,,I did not vote,
8a95710e-bb0a-47c4-8041-3b445734da41,1.209711978,Female,30-49,Some high school or less,"$15,000 to under $50,000",South,Metropolitan,White,No,Republican,,I did not vote,
f89c7ded-58eb-4702-9b11-3281fd4f5e3e,0.658476428,Female,30-49,2-year or associate degree,"$15,000 to under $50,000",South,Metropolitan,White,No,Independent,The Democratic Party,I did not vote,
cda1e8be-d4d9-456f-b610-31fade1a51b5,1.341523572,Male,30-49,"Some college, no degree","$50,000 to under $75,000",West,Metropolitan,White,No,Independent,Neither,I voted,Someone else
a2d25b6a-fb22-4458-a1e8-f05b9f7e2b3d,0.936303802,Male,50-64,2-year or associate degree,"$15,000 to under $50,000",West,Non-metro,Pacific Islander,No,Other or none,Neither,I was not registered to vote,
f888cb75-0827-40e8-9f25-2c8c31dbfdac,0.69394875,Female,50-64,4-year or bachelor degree,"More than $200,000",Midwest,Metropolitan,White,No,Republican,,I voted,Kamala Harris
f9685cbb-183c-404e-98a3-7ec5c469b4e6,1.03685268,Male,65+,2-year or associate degree,"$100,000 to under $150,000",Northeast,Metropolitan,White,No,Republican,,I voted,Donald Trump
a8b64d29-325a-4055-abc4-58ac18cf516f,0.562903911,Female,30-49,4-year or bachelor degree,"$150,000 to under $200,000",West,Metropolitan,White,No,Democrat,,I voted,Kamala Harris
4dcfab54-bb90-4232-b165-e8d454bf171a,0.821668055,Male,65+,Post-graduate degree,"$150,000 to under $200,000",West,Metropolitan,White,No,Democrat,,I voted,Kamala Harris
417b663e-2d88-49b3-903a-a2d5dba24e87,1.463433952,Female,50-64,2-year or associate degree,"$50,000 to under $75,000",South,Metropolitan,White,Yes,Other or none,Neither,I did not vote,
dd35b252-b7b8-4a6f-a7f6-1bceb1bff776,0.687373979,Female,30-49,"Some college, no degree","$50,000 to under $75,000",West,Metropolitan,Mixed race,No,Democrat,,I voted,Kamala Harris
e58c0489-6ac7-4a9c-9efc-b264ec641c25,0.315063538,Female,30-49,"Some college, no degree","$15,000 to under $50,000",Midwest,Metropolitan,Black or African-American,No,Democrat,,I voted,Kamala Harris
2e6e137d-de2a-4e20-b324-07b993c96e32,0.982198878,Female,30-49,High school graduate or GED,"Less than $15,000",South,Metropolitan,White,No,Other or none,The Republican Party,I was not registered to vote,
a35d0313-42c1-47fc-a423-c04e6c2562ea,0.645318841,Male,30-49,Post-graduate degree,"$75,000 to under $100,000",Midwest,Metropolitan,White,No,Independent,The Republican Party,I voted,Donald Trump
839f16d5-5b00-4240-8319-ad5935128afb,0.691095024,Male,30-49,"Some college, no degree","$100,000 to under $150,000",South,Metropolitan,White,No,Democrat,,I voted,Kamala Harris
231e732c-41e1-4663-b99b-6bb38ae5fe0e,0.454659104,Male,65+,4-year or bachelor degree,"$15,000 to under $50,000",Midwest,Metropolitan,White,No,Independent,Neither,I voted,Kamala Harris
9b21efe3-0511-4088-b331-796fbbaf5edf,0.475846975,Male,50-64,4-year or bachelor degree,"$15,000 to under $50,000",Midwest,Metropolitan,White,No,Republican,,I voted,Donald Trump
b1d044b8-62be-484a-b3ad-ac01550e1c3d,2.102748436,Female,30-49,High school graduate or GED,"$50,000 to under $75,000",West,Metropolitan,White,No,Republican,,I was not registered to vote,
d3004311-b73b-4874-9d28-e9d831b67421,2.039343755,Female,18-29,High school graduate or GED,"$100,000 to under $150,000",West,Metropolitan,Black or African-American,Yes,Democrat,,I voted,Kamala Harris
2ea3c51c-6425-4561-9c0e-3058b2fe7f97,0.585284126,Female,65+,High school graduate or GED,"$15,000 to under $50,000",South,Metropolitan,Black or African-American,No,Democrat,,I voted,Kamala Harris
93384a4b-e454-41ee-8cb6-8c4dd20412fc,0.563436335,Female,50-64,Post-graduate degree,"$100,000 to under $150,000",South,Metropolitan,White,No,Independent,The Republican Party,I voted,Kamala Harris
4b70c890-94ea-4324-8459-92e2d27f5ece,2.00631184,Female,18-29,"Some college, no degree","$150,000 to under $200,000",South,Metropolitan,Black or African-American,No,Independent,Neither,I was not registered to vote,
35831bc6-8997-487c-836f-8801f219c754,1.506577164,Female,65+,High school graduate or GED,"$15,000 to under $50,000",South,Metropolitan,White,No,Republican,,I was not registered to vote,
0d77fcc6-ebc0-4053-80e1-a0da78e91a7d,3.222101238,Female,18-29,High school graduate or GED,"$50,000 to under $75,000",South,Metropolitan,White,No,Other or none,Neither,I did not vote,
f333f5b3-fd09-4256-ab64-1d13de4de5ba,0.406334705,Female,65+,2-year or associate degree,"$15,000 to under $50,000",South,Metropolitan,White,No,Independent,The Democratic Party,I voted,Kamala Harris
94daa680-e9e3-41d6-9e51-c3eddba0c7c9,1.064474374,Male,50-64,"Some college, no degree","$100,000 to under $150,000",West,Metropolitan,White,Yes,Republican,,I voted,Donald Trump
d9a1cea8-f5b6-4604-8119-4cf175912182,0.982198878,Female,30-49,High school graduate or GED,"$15,000 to under $50,000",South,Non-metro,White,No,Independent,The Republican Party,I did not vote,
ae9930c8-222e-41d4-8272-148f6bcf8bf7,1.297261406,Female,18-29,"Some college, no degree","$50,000 to under $75,000",Northeast,Metropolitan,Mixed race,No,Democrat,,I voted,Kamala Harris
42eafedd-42c0-45f1-bc6c-69c262a6d8c0,0.670933564,Male,30-49,4-year or bachelor degree,"$50,000 to under $75,000",South,Metropolitan,White,No,Democrat,,I voted,Donald Trump
da4620bc-0e9a-46b4-bc58-475109d02ba8,0.843992404,Female,50-64,"Some college, no degree","$15,000 to under $50,000",South,Metropolitan,White,No,Republican,,I did not vote,
24243f1d-c0a6-448d-a8aa-3a7f76856726,2.277433171,Female,18-29,High school graduate or GED,"Less than $15,000",West,Metropolitan,Mixed race,Yes,Other or none,The Democratic Party,I voted,Someone else
aece4d6a-b423-46a3-a5cf-cb4893b27de8,0.676446425,Female,30-49,Post-graduate degree,"$100,000 to under $150,000",West,Metropolitan,White,Yes,Independent,The Republican Party,I voted,Donald Trump
7d9bba03-ac18-45ec-af42-b77a49762d12,0.486669039,Female,30-49,High school graduate or GED,"$15,000 to under $50,000",South,Metropolitan,White,No,Other or none,Neither,I voted,Kamala Harris
ddbde0b7-5149-4bf9-91de-76f5210cdd5d,1.463433952,Female,50-64,"Some college, no degree","$50,000 to under $75,000",South,Metropolitan,White,Yes,Independent,Neither,I did not vote,
42ede7d0-3ffa-481f-ba49-e61b901aefc0,0.472705946,Male,65+,4-year or bachelor degree,"$15,000 to under $50,000",South,Metropolitan,White,No,Democrat,,I voted,Kamala Harris
a36fd29c-34e3-4e17-98aa-766967f8388d,1.095351806,Female,65+,High school graduate or GED,"$50,000 to under $75,000",Northeast,Metropolitan,White,No,Democrat,,I voted,Kamala Harris
2ad81ee0-978c-4417-bf0b-fc9fae59b925,1.546593766,Male,65+,High school graduate or GED,"$75,000 to under $100,000",West,Metropolitan,White,No,Republican,,I voted,Donald Trump
ed53bb64-6c0d-44e8-9644-2d5ecb724ee1,0.514554531,Female,30-49,High school graduate or GED,"$15,000 to under $50,000",South,Metropolitan,White,No,Democrat,,I voted,Donald Trump
052a80db-2cbe-4312-8c5e-c1a2d5e23192,0.714433019,Male,30-49,High school graduate or GED,"$15,000 to under $50,000",South,Non-metro,White,No,Republican,,I voted,Donald Trump
8c2a33d7-4156-41e1-a0e7-63d66c04f964,0.403309385,Female,65+,Post-graduate degree,"$15,000 to under $50,000",Midwest,Metropolitan,White,No,Democrat,,I voted,Kamala Harris
3e0fc2cd-31bc-4f13-bcc7-7ad62d39db97,0.982198878,Female,30-49,High school graduate or GED,"$15,000 to under $50,000",South,Non-metro,White,No,Independent,Neither,I did not vote,
d0c60ab3-ae12-4591-a92d-81694d688a52,0.738585926,Male,65+,High school graduate or GED,"$15,000 to under $50,000",Midwest,Metropolitan,White,No,Democrat,,I voted,Kamala Harris
c10949cb-fd40-45fa-afc9-e09d248f8db3,0.700653697,Male,18-29,4-year or bachelor degree,"$15,000 to under $50,000",South,Non-metro,White,No,Independent,The Republican Party,I voted,Donald Trump
8f3703d0-3be7-4907-a34d-0a692730a23b,0.973360632,Male,65+,Post-graduate degree,"$50,000 to under $75,000",South,Metropolitan,White,No,Republican,,I voted,Kamala Harris
2442cad7-1b61-4307-ae45-3fb67b23649f,0.585800885,Female,50-64,4-year or bachelor degree,"$75,000 to under $100,000",Midwest,Metropolitan,White,No,Democrat,,I voted,Kamala Harris
f4ca31c9-11ee-41ac-bc11-c6e4846e92d6,1.271785901,Female,65+,High school graduate or GED,"$15,000 to under $50,000",South,Metropolitan,White,No,Democrat,,I was not registered to vote,
f806c321-c562-41b7-830c-e98ee64b4d7a,1.776726292,Female,50-64,High school graduate or GED,"$100,000 to under $150,000",West,Metropolitan,White,No,Independent,The Democratic Party,I did not vote,
4ba45883-6b6d-4f8d-bc67-a20b86d5ee08,1.216124646,Male,65+,4-year or bachelor degree,"$75,000 to under $100,000",South,Metropolitan,White,Yes,Republican,,I voted,Donald Trump
868472ba-d0de-4d3d-a257-2895c7beacb3,1.022151314,Female,50-64,High school graduate or GED,"$15,000 to under $50,000",Midwest,Metropolitan,White,No,Other or none,Neither,I did not vote,
1b277bec-2708-4a34-a81f-81c215128c65,1.297261406,Female,18-29,"Some college, no degree","$100,000 to under $150,000",Northeast,Metropolitan,Mixed race,No,Democrat,,I voted,Kamala Harris
fa25037d-84f9-444d-ad6e-87dc3d53a05e,1.506577164,Female,65+,High school graduate or GED,"$15,000 to under $50,000",Midwest,Metropolitan,White,No,Republican,,I was not registered to vote,
a50be202-424f-4026-857f-a108119541d0,1.61538682,Male,50-64,4-year or bachelor degree,"$100,000 to under $150,000",West,Metropolitan,Asian or Asian-American,No,Democrat,,I was not registered to vote,
f84ecf25-d037-4626-acfb-5eed74edce69,0.866409914,Male,50-64,"Some college, no degree","$100,000 to under $150,000",West,Metropolitan,White,No,Republican,,I voted,Donald Trump
9b8cd42f-143c-4dd4-a61e-d955cf8e7483,2.053230933,Female,65+,High school graduate or GED,"$50,000 to under $75,000",South,Metropolitan,Black or African-American,No,Democrat,,I was not registered to vote,
337636e8-9eda-4662-ac70-faaad09f2b29,0.44982918,Male,65+,"Some college, no degree","Less than $15,000",South,Metropolitan,Black or African-American,No,Independent,Neither,I voted,Donald Trump
81b8f599-2608-4cf4-871f-5df865d1cbef,0.987049241,Female,50-64,High school graduate or GED,"Less than $15,000",Midwest,Metropolitan,Black or African-American,No,Democrat,,I did not vote,
f517d96c-7d7d-41ef-bfde-36d8f8014e13,0.794798233,Male,30-49,4-year or bachelor degree,"$100,000 to under $150,000",South,Metropolitan,White,No,Republican,,I voted,Donald Trump
16280369-1eb4-47a4-b643-54a8a1435fc1,0.701041399,Female,65+,Post-graduate degree,"$50,000 to under $75,000",Midwest,Non-metro,White,No,Democrat,,I voted,Kamala Harris
b4feb726-ba0e-41ed-81c9-dd8e185e671d,1.594986255,Male,65+,Post-graduate degree,"$150,000 to under $200,000",West,Metropolitan,White,No,Independent,Neither,I did not vote,
6cce0616-beba-4a0d-9e4d-68a03164c8aa,0.651121626,Female,65+,Post-graduate degree,"$100,000 to under $150,000",Northeast,Metropolitan,Black or African-American,No,Democrat,,I voted,Kamala Harris
0376d3ec-4bf1-4bfa-a98a-86a60f137c11,0.68204477,Female,65+,2-year or associate degree,"$50,000 to under $75,000",West,Metropolitan,Black or African-American,No,Democrat,,I voted,Kamala Harris
65b7b1ed-d859-4284-991c-c3e8220a1f56,1.206733117,Female,30-49,Some high school or less,"$15,000 to under $50,000",Midwest,Metropolitan,White,Yes,Other or none,Neither,I did not vote,
ba31da95-0a97-4eb3-898d-1123f3740160,0.659761552,Male,30-49,Post-graduate degree,"$75,000 to under $100,000",Midwest,Metropolitan,White,No,Democrat,,I voted,Kamala Harris
54e65505-2f2e-4e53-b42b-3a451cc598da,0.550581492,Female,30-49,4-year or bachelor degree,"$50,000 to under $75,000",South,Metropolitan,White,No,Independent,The Republican Party,I voted,Donald Trump
3817c423-d996-4959-9ab1-ef77bc09f434,1.853676072,Female,18-29,High school graduate or GED,"Less than $15,000",South,Metropolitan,White,No,Independent,Neither,I did not vote,
e2d27d93-fb38-4112-80b6-c17f8aadfb62,0.948468826,Female,30-49,High school graduate or GED,"$15,000 to under $50,000",South,Metropolitan,Black or African-American,No,Democrat,,I voted,Someone else
1c4603e9-2b2c-45a8-b12c-71aeee58e479,1.151203684,Male,30-49,High school graduate or GED,"Less than $15,000",South,Metropolitan,White,No,Other or none,Neither,I was not registered to vote,
d78992ef-01d1-487c-a48e-c5b3ccb35a75,0.739214838,Female,50-64,2-year or associate degree,"$100,000 to under $150,000",South,Non-metro,White,No,Republican,,I voted,Donald Trump
9abbd068-bbdc-4afd-b631-92af14bdaa80,0.64249064,Male,50-64,2-year or associate degree,"$50,000 to under $75,000",West,Metropolitan,Black or African-American,No,Independent,The Democratic Party,I voted,Kamala Harris
cb771779-21c7-4112-87c3-622619ced345,0.724430666,Female,30-49,"Some college, no degree","$50,000 to under $75,000",West,Metropolitan,White,Yes,Democrat,,I voted,Kamala Harris
539cedd2-783d-49db-8799-051afc3fca6d,1.223231998,Female,65+,High school graduate or GED,"$15,000 to under $50,000",South,Non-metro,White,No,Independent,Neither,I did not vote,
ceb8cf7b-6c3f-40cb-bd25-654e1d61c1ad,0.821668055,Male,65+,Post-graduate degree,"$50,000 to under $75,000",West,Metropolitan,White,No,Democrat,,I voted,Kamala Harris
9576e7fb-764b-4404-b832-98ce39f811af,1.190010364,Female,30-49,2-year or associate degree,"$50,000 to under $75,000",South,Non-metro,White,No,Democrat,,I did not vote,
4cecf8fd-f943-4253-9c0a-4f721fdba742,0.596501743,Male,65+,"Some college, no degree","$15,000 to under $50,000",Midwest,Metropolitan,White,No,Republican,,I voted,Donald Trump
7e98703b-8230-4394-9acb-a9bd1cb3dbb5,0.545979857,Female,18-29,4-year or bachelor degree,"Less than $15,000",South,Metropolitan,Black or African-American,No,Independent,The Democratic Party,I voted,Kamala Harris
f749c1bb-dd63-41fb-a93a-93c6244dfef7,0.989842945,Male,65+,Post-graduate degree,"$50,000 to under $75,000",West,Metropolitan,White,No,Republican,,I voted,Donald Trump
a3a31641-ba3f-4c6f-8183-797b01755c3e,0.541413515,Female,30-49,4-year or bachelor degree,"$75,000 to under $100,000",West,Metropolitan,White,No,Other or none,Neither,I voted,Kamala Harris
5414dea8-3553-47e1-a233-44aa6eb4c307,0.337011473,Female,50-64,Post-graduate degree,"$15,000 to under $50,000",West,Metropolitan,White,No,Democrat,,I voted,Kamala Harris
f69df1ae-48bd-49c6-ab29-c36bf23d9474,1.03685268,Male,65+,"Some college, no degree","$50,000 to under $75,000",Midwest,Metropolitan,White,No,Republican,,I voted,Donald Trump
95609720-7ca4-4989-b2eb-9bd96b6cf8cc,1.731968209,Female,30-49,"Some college, no degree","$50,000 to under $75,000",West,Metropolitan,White,Yes,Republican,,I did not vote,
fc769b4f-f70e-46ab-961f-2d4bbf1916b9,1.03685268,Male,65+,"Some college, no degree","$75,000 to under $100,000",West,Metropolitan,White,No,Republican,,I voted,Donald Trump
72e3b904-e89b-413e-bf1f-12e65bddb106,0.562903911,Female,30-49,Post-graduate degree,"$75,000 to under $100,000",Northeast,Metropolitan,White,No,Democrat,,I voted,Kamala Harris
04e0a7c5-8808-40d6-8109-a843fc8d793f,1.670735526,Male,65+,2-year or associate degree,"$100,000 to under $150,000",West,Metropolitan,White,No,Independent,The Republican Party,I voted,Someone else
a34d1845-9bed-4937-bd0a-05e7dac6d742,0.866409914,Male,50-64,"Some college, no degree","$50,000 to under $75,000",South,Non-metro,White,No,Republican,,I voted,Donald Trump
f3b6ef5b-2e48-4220-8dda-cc47f3c26ce0,0.989842945,Male,65+,Post-graduate degree,"$150,000 to under $200,000",West,Metropolitan,White,No,Republican,,I voted,Donald Trump
f344ac2e-fd2d-41b3-909c-421b2434fb2e,1.255818826,Female,50-64,High school graduate or GED,"$15,000 to under $50,000",South,Non-metro,White,Yes,Independent,The Democratic Party,I was not registered to vote,
766c62be-1596-480b-a012-494cec38010b,0.821668055,Male,65+,Post-graduate degree,"$150,000 to under $200,000",West,Metropolitan,White,No,Democrat,,I voted,Kamala Harris
ed7a1a80-2774-46df-9f2a-20d75b8ceec8,0.696773545,Female,30-49,"Some college, no degree","$50,000 to under $75,000",South,Metropolitan,Black or African-American,Yes,Independent,The Democratic Party,I voted,Kamala Harris
9e1004cc-226d-445e-a464-09e2dd4526e9,0.66038559,Male,50-64,Post-graduate degree,"More than $200,000",South,Metropolitan,White,No,Independent,Neither,I voted,Kamala Harris
f063bd4d-b3b2-432b-8061-8b972e41ebe5,0.866409914,Male,50-64,2-year or associate degree,"$50,000 to under $75,000",Midwest,Non-metro,White,No,Republican,,I voted,Donald Trump
9a33393b-b2bc-42cf-8e61-d794510af453,2.653944149,Female,18-29,2-year or associate degree,"$50,000 to under $75,000",South,Metropolitan,White,Yes,Other or none,The Democratic Party,I voted,Someone else
9affe8d8-c95f-46d0-9e5c-a96355f8da7b,0.701041399,Female,65+,4-year or bachelor degree,"$100,000 to under $150,000",Northeast,Metropolitan,White,No,Democrat,,I voted,Kamala Harris
96ecb848-5513-4d36-916d-af9af7ea0241,0.803681081,Male,65+,4-year or bachelor degree,"$50,000 to under $75,000",West,Metropolitan,White,No,Independent,The Republican Party,I voted,Donald Trump
c938ffc8-9bd5-4546-8972-a8f920101bce,1.658296247,Male,65+,Post-graduate degree,"$50,000 to under $75,000",Northeast,Metropolitan,White,No,Democrat,,I voted,Someone else
22f863a8-b713-4b87-844a-0e1ee6e06a51,3.968457459,Female,18-29,High school graduate or GED,"$50,000 to under $75,000",South,Metropolitan,White,No,Republican,,I did not vote,
c2d20a6f-45c3-46af-8a17-72da344b24d4,0.634573351,Male,30-49,4-year or bachelor degree,"$100,000 to under $150,000",Midwest,Metropolitan,White,No,Independent,The Democratic Party,I voted,Kamala Harris
08144059-bf0f-490b-b440-283c617422fa,3.685871445,Female,18-29,High school graduate or GED,"$50,000 to under $75,000",West,Metropolitan,Black or African-American,No,Republican,,I did not vote,
16d5a76a-5fd8-4da1-ad9e-d0c4c60e122f,0.327879228,Female,50-64,"Some college, no degree","$15,000 to under $50,000",Midwest,Metropolitan,Black or African-American,No,Democrat,,I voted,Kamala Harris
83961073-16cc-4991-a67f-88a729727e2b,1.567369229,Male,18-29,"Some college, no degree","$75,000 to under $100,000",West,Metropolitan,Mixed race,Yes,Independent,The Republican Party,I voted,Donald Trump
bec25906-febe-44b5-8931-d07dfc9f8b7a,1.573473175,Male,30-49,Post-graduate degree,"$100,000 to under $150,000",Midwest,Metropolitan,White,Yes,Independent,The Democratic Party,I voted,Someone else
9985f6d8-dbba-4058-a868-a4fac9340f69,0.4224634,Female,65+,2-year or associate degree,"$15,000 to under $50,000",Midwest,Non-metro,White,No,Democrat,,I voted,Kamala Harris
40e58d66-a6f8-48ad-9120-36dc3bc82520,0.986780426,Male,50-64,"Some college, no degree","$15,000 to under $50,000",South,Metropolitan,Some other race,Yes,Independent,Neither,I was not registered to vote,
47644a92-39d7-4bcb-9f40-d7c2828b749d,1.151203684,Male,30-49,High school graduate or GED,"Less than $15,000",,,White,No,Other or none,Neither,I did not vote,
85475d51-20a3-4737-bfdf-d171d9e811b8,1.658296247,Male,65+,4-year or bachelor degree,"$50,000 to under $75,000",South,Metropolitan,White,No,Democrat,,I was not registered to vote,
1f6d6235-364a-421f-bf26-2b78519dbe75,1.206733117,Female,30-49,High school graduate or GED,"Less than $15,000",West,Metropolitan,Pacific Islander,Yes,Independent,The Democratic Party,I did not vote,
b2bd9a2c-109c-4f41-a774-37edde6ec0e4,0.494910005,Female,30-49,High school graduate or GED,"Less than $15,000",West,Metropolitan,White,No,Other or none,The Republican Party,I voted,Donald Trump
f914dd4c-2451-4eb9-84e0-9775dac4c325,0.843992404,Female,50-64,"Some college, no degree","$15,000 to under $50,000",South,Metropolitan,White,No,Republican,,I was not registered to vote,
c9f282c4-9584-4089-9a0f-c7b0e17e339a,0.580768246,Male,65+,Post-graduate degree,"$15,000 to under $50,000",South,Metropolitan,White,Yes,Democrat,,I voted,Kamala Harris
3af7700c-878c-4e71-8a2a-96b1ac9ad0d2,0.502066655,Female,30-49,"Some college, no degree","$15,000 to under $50,000",South,Non-metro,Mixed race,Yes,Republican,,I voted,Donald Trump
cb25890f-d01d-44ff-a9d3-0fba36ad7015,1.206733117,Female,30-49,High school graduate or GED,"$15,000 to under $50,000",Northeast,Metropolitan,Mixed race,Yes,Independent,Neither,I did not vote,
e8ab6dfc-f9e1-4fd0-bf29-fb1f8c668379,0.996394172,Male,50-64,High school graduate or GED,"$75,000 to under $100,000",Northeast,Metropolitan,Black or African-American,No,Democrat,,I voted,Kamala Harris
5ae9fff1-6ee2-4b28-8245-c4792dbd9139,0.634343565,Female,50-64,High school graduate or GED,"$15,000 to under $50,000",West,Metropolitan,White,No,Republican,,I voted,Donald Trump
2512890c-ae09-4acf-9843-a5c08149f720,0.550820485,Male,30-49,High school graduate or GED,"$15,000 to under $50,000",West,Metropolitan,Black or African-American,No,Democrat,,I voted,Kamala Harris
c65c2559-ccd8-47c7-859b-b18f98f468d7,0.735358326,Female,30-49,Post-graduate degree,"$100,000 to under $150,000",Northeast,Metropolitan,White,No,Democrat,,,
64344272-5044-4848-851b-611545b0c6cb,1.280700401,Male,30-49,Post-graduate degree,"More than $200,000",South,Metropolitan,White,No,Independent,The Republican Party,I voted,Someone else
7ed7f0e2-44c3-485d-9d5f-134b9d0fcddf,1.102630182,Female,50-64,High school graduate or GED,"$50,000 to under $75,000",Northeast,Metropolitan,White,No,Republican,,I voted,Donald Trump
f22cc52f-e1ca-45a4-8389-e6742b009d9c,1.29545382,Male,30-49,"Some college, no degree","$50,000 to under $75,000",Midwest,Metropolitan,Black or African-American,No,Democrat,,I did not vote,
e9afdf1a-4117-4785-aeab-de3f74a093c0,0.658476428,Female,30-49,"Some college, no degree","$15,000 to under $50,000",West,Metropolitan,White,No,Independent,Neither,I did not vote,
fc921c67-928b-471c-af5d-971fce15e78b,1.305210246,Female,18-29,Post-graduate degree,"$100,000 to under $150,000",South,Metropolitan,White,Yes,Democrat,,I voted,Kamala Harris
bfad0602-299b-4ee1-b44a-3e8f6a10ca38,0.810585445,Male,30-49,4-year or bachelor degree,"$150,000 to under $200,000",South,Metropolitan,Mixed race,Yes,Democrat,,I voted,Kamala Harris
add4308c-05f7-4195-a5a3-ee9b78b05c80,0.982198878,Female,30-49,Some high school or less,"Less than $15,000",Midwest,Metropolitan,White,No,Other or none,Neither,I did not vote,
ba5e4070-d228-4350-bc0f-b6f1281b4cee,0.594610475,Female,18-29,"Some college, no degree","Less than $15,000",South,Metropolitan,Black or African-American,No,Democrat,,I voted,Kamala Harris
d0caff04-5b0d-4a95-8994-49baccd77a91,0.696923796,Male,18-29,"Some college, no degree","$15,000 to under $50,000",South,Metropolitan,Black or African-American,No,Democrat,,I voted,Kamala Harris
7910e4cc-73d6-41d0-a87b-aa2e5190a4c9,1.324366053,Female,30-49,Post-graduate degree,"$100,000 to under $150,000",Midwest,Metropolitan,Asian or Asian-American,No,Democrat,,I did not vote,
6eaedd3c-fe19-4608-94d5-942c44d5dec0,0.98451336,Female,65+,Post-graduate degree,"$75,000 to under $100,000",South,Metropolitan,Native American or American Indian,No,Republican,,I voted,Donald Trump
1363508b-f990-4053-aa00-cbd5305ef3bc,0.701041399,Female,65+,Post-graduate degree,"$50,000 to under $75,000",South,Metropolitan,White,No,Democrat,,I voted,Kamala Harris
de3be6bf-2872-4b6d-ae8b-f90846881b3a,0.841914111,Female,50-64,2-year or associate degree,"$15,000 to under $50,000",West,Metropolitan,Mixed race,Yes,Other or none,Neither,I did not vote,
4fff812c-ed4a-43d3-9ef5-8e18934111b1,1.38303108,Female,18-29,4-year or bachelor degree,"Less than $15,000",West,Metropolitan,Asian or Asian-American,No,Independent,Neither,I did not vote,
bc6e81df-841c-485e-90a0-fd9ef5e00b67,1.03685268,Male,65+,2-year or associate degree,"$50,000 to under $75,000",West,Metropolitan,White,No,Republican,,I voted,Donald Trump
cfbdd451-ceb0-4aaa-956c-023967c4b50c,1.022151314,Female,50-64,High school graduate or GED,"Less than $15,000",Northeast,Metropolitan,White,No,Independent,Neither,I was not registered to vote,
53450d3c-4d60-49c8-9454-03838ab379b2,1.659887443,Female,18-29,High school graduate or GED,"More than $200,000",Midwest,Metropolitan,White,No,Democrat,,I voted,Kamala Harris
bed847e6-0a59-4e74-82ba-f670d5b4775c,2.905192852,Male,65+,High school graduate or GED,"$50,000 to under $75,000",South,Non-metro,Native American or American Indian,No,Independent,The Republican Party,I did not vote,
9674f6c4-a71e-40fb-8d87-df215334239b,0.989842945,Male,65+,Post-graduate degree,"$150,000 to under $200,000",West,Metropolitan,White,No,Republican,,I voted,Donald Trump
94896569-1378-45e9-9e44-3e3006194391,0.676446425,Female,30-49,4-year or bachelor degree,"$100,000 to under $150,000",Northeast,Metropolitan,White,Yes,Independent,Neither,I voted,Donald Trump
c9f814c1-3051-4ad5-989e-3893618a83c8,0.960232001,Male,30-49,4-year or bachelor degree,"$75,000 to under $100,000",South,Metropolitan,Some other race,Yes,Republican,,I voted,Kamala Harris
49e97d2f-9abd-4da5-b2da-49213d61e7d8,0.576729771,Female,30-49,"Some college, no degree","$50,000 to under $75,000",South,Metropolitan,White,No,Independent,The Republican Party,I voted,Donald Trump
e78d1754-7d5d-465c-9a6b-0d377892293d,0.691748698,Male,50-64,2-year or associate degree,"$50,000 to under $75,000",South,Non-metro,White,No,Other or none,The Democratic Party,I voted,Kamala Harris
2a2ca56a-1855-4cce-bcb5-4fb070eda0f0,0.395000298,Male,50-64,Post-graduate degree,"$15,000 to under $50,000",Midwest,Metropolitan,White,No,Democrat,,I voted,Kamala Harris
130f23af-0ba2-49cd-a918-74b7f439b4fa,0.685260961,Female,50-64,2-year or associate degree,"Less than $15,000",Midwest,Metropolitan,White,No,Independent,The Democratic Party,I did not vote,
03f09e9e-599c-4ad2-9b25-e385ff81ec9e,0.323838835,Female,30-49,4-year or bachelor degree,"Less than $15,000",West,Metropolitan,White,No,Democrat,,I voted,Kamala Harris
bf8e66c2-0c91-417c-866c-bb2b4701be15,0.738202221,Male,30-49,4-year or bachelor degree,"More than $200,000",West,Metropolitan,Black or African-American,No,Republican,,I voted,Donald Trump
ee610f01-7207-41f1-af22-31d75b4af8ef,0.948210518,Male,30-49,"Some college, no degree","$15,000 to under $50,000",West,Metropolitan,Mixed race,Yes,Other or none,Neither,I voted,Someone else
a4e6e068-000e-4359-8f0c-cf5e1e4e9017,0.841914111,Female,50-64,2-year or associate degree,"Less than $15,000",West,Metropolitan,White,Yes,Independent,The Democratic Party,I did not vote,
dd4c274d-a55f-440f-9f16-d493a77bd79e,0.759133541,Female,65+,High school graduate or GED,"$15,000 to under $50,000",Northeast,Metropolitan,White,No,Republican,,I voted,Donald Trump
20ea4067-1bfd-477c-a707-333684301d19,0.529791407,Male,30-49,High school graduate or GED,"Less than $15,000",South,Metropolitan,Black or African-American,No,Independent,The Democratic Party,I voted,Kamala Harris
6862ffee-503d-4a1f-a7f9-eb926681aa89,0.866409914,Male,50-64,"Some college, no degree","$50,000 to under $75,000",South,Metropolitan,White,No,Republican,,I voted,Donald Trump
348b101a-854f-4451-9e4d-1f955d1f06db,0.685695039,Female,65+,Post-graduate degree,"$100,000 to under $150,000",West,Metropolitan,White,No,Independent,The Republican Party,I voted,Donald Trump
476e9fd2-feb3-44c1-b2da-8363e485e88c,1.186380175,Female,18-29,4-year or bachelor degree,"Less than $15,000",Midwest,Metropolitan,White,No,Independent,Neither,I voted,Someone else
857dc9f4-9251-40fc-829d-f7ffada139f0,0.674277227,Female,65+,Post-graduate degree,"$75,000 to under $100,000",West,Metropolitan,White,No,Independent,The Democratic Party,I voted,Kamala Harris
ce849718-389f-4768-876f-0007fe7b50ee,1.030853539,Male,30-49,High school graduate or GED,"$50,000 to under $75,000",Midwest,Metropolitan,White,No,Democrat,,I voted,Kamala Harris
0abdfd22-d697-4eb5-8b4d-579865660c42,1.247734906,Female,18-29,"Some college, no degree","$50,000 to under $75,000",West,Metropolitan,Asian or Asian-American,No,Independent,The Democratic Party,I voted,Kamala Harris
4f5b32cd-0693-4ac9-b863-9dcaf2507910,1.319542911,Female,65+,High school graduate or GED,"$75,000 to under $100,000",Midwest,Metropolitan,White,No,Republican,,I voted,Donald Trump
1c046018-d29f-4efa-98c3-d376b1094c6c,0.827127862,Male,50-64,4-year or bachelor degree,"$75,000 to under $100,000",West,Metropolitan,White,No,Republican,,I voted,Donald Trump
8ede5057-5254-4c01-b2ed-9abeaba24029,0.872703496,Female,30-49,"Some college, no degree","$50,000 to under $75,000",West,Metropolitan,Some other race,Yes,Republican,,I voted,Donald Trump
446b6930-4a6e-46d7-8fd2-43f4b920bd3d,0.37459052,Female,65+,4-year or bachelor degree,"$15,000 to under $50,000",Midwest,Metropolitan,Black or African-American,No,Democrat,,I voted,Kamala Harris
74f91702-05e4-4b92-b478-969d630a7806,0.609549221,Female,30-49,High school graduate or GED,"Less than $15,000",Northeast,Non-metro,White,No,Republican,,I voted,Donald Trump
c4a27957-34ba-4984-8b10-c1ff8d205dd2,0.659761552,Male,30-49,4-year or bachelor degree,"$75,000 to under $100,000",Midwest,Metropolitan,White,No,Democrat,,I voted,Kamala Harris
e99148bc-228f-4e23-b93b-db868ecbf9c1,0.678116256,Female,30-49,4-year or bachelor degree,"$75,000 to under $100,000",South,Metropolitan,White,No,Republican,,I voted,Donald Trump
bac961c9-3539-4aec-a194-6e38ea01b2c5,0.599845583,Female,30-49,High school graduate or GED,"$15,000 to under $50,000",South,Non-metro,Native American or American Indian,No,Democrat,,I voted,Donald Trump
5ff14e53-79fc-42ad-9bd6-c22658c85e3c,1.273804759,Female,30-49,4-year or bachelor degree,"$50,000 to under $75,000",Northeast,Metropolitan,Native American or American Indian,No,Independent,Neither,I did not vote,
17da7454-ae5e-4d98-b414-a295e0745b7f,0.562903911,Female,30-49,4-year or bachelor degree,"$50,000 to under $75,000",Northeast,Metropolitan,White,No,Democrat,,I voted,Kamala Harris
90066ff1-0edc-436e-ba94-d56e6fbcb3ae,0.646943639,Female,50-64,High school graduate or GED,"Less than $15,000",South,Metropolitan,White,Yes,Democrat,,I voted,Kamala Harris
00dfbdc8-05f8-4bca-928d-7c8d8598155a,1.775047357,Female,30-49,High school graduate or GED,"$75,000 to under $100,000",Midwest,Metropolitan,White,No,Democrat,,I was not registered to vote,
76872395-6bd2-468a-85bf-fc8c99e0c880,2.499438474,Female,18-29,Post-graduate degree,"$150,000 to under $200,000",West,Metropolitan,Asian or Asian-American,No,Democrat,,I did not vote,
0fdbdd23-ceac-46f7-ab34-bfe7fd722e59,2.00104801,Male,30-49,High school graduate or GED,"$75,000 to under $100,000",South,Non-metro,White,No,Independent,The Democratic Party,I did not vote,
fcad0f4c-6137-44b4-97e1-db4872327d7d,1.059532099,Female,30-49,High school graduate or GED,"$75,000 to under $100,000",Midwest,Non-metro,White,No,Republican,,I voted,Donald Trump
ef0c159a-9bf4-4076-abee-a74976814bc7,0.613621808,Female,50-64,2-year or associate degree,"$75,000 to under $100,000",Northeast,Metropolitan,White,No,Democrat,,I voted,Kamala Harris
82ab16ec-03e0-4294-8454-220302f32439,1.059532099,Female,30-49,High school graduate or GED,"$75,000 to under $100,000",Northeast,Metropolitan,White,No,Republican,,I voted,Donald Trump
fe4d4beb-1e3d-4f3c-8c09-2e362fc05c89,0.701041399,Female,65+,Post-graduate degree,"$100,000 to under $150,000",South,Metropolitan,White,No,Democrat,,I voted,Kamala Harris
5d7d30d1-58a0-4b52-bd10-af110b7a6f97,1.189504256,Male,30-49,4-year or bachelor degree,"$50,000 to under $75,000",Northeast,Metropolitan,Black or African-American,No,Independent,Neither,I did not vote,
78c8391d-8d76-4c8b-a9e0-8dea4bd12425,0.948468826,Female,30-49,Some high school or less,"Less than $15,000",South,Metropolitan,Black or African-American,No,Democrat,,I did not vote,
465e6587-fd55-4c12-a5da-3be39a975c09,0.311475402,Female,30-49,4-year or bachelor degree,"$15,000 to under $50,000",Midwest,Metropolitan,White,No,Other or none,Neither,I voted,Kamala Harris
6536c1e9-2c42-43c2-b113-288712b4ec66,1.443692035,Female,50-64,"Some college, no degree","$50,000 to under $75,000",South,Metropolitan,Mixed race,No,Democrat,,I did not vote,
761ddf57-1d85-4cd2-9280-0fee4caa2037,0.832544882,Male,30-49,2-year or associate degree,"More than $200,000",Midwest,Metropolitan,White,No,Republican,,I voted,Donald Trump
1cf37d0e-7f89-41d3-969d-344d5434b80d,2.527850853,Female,18-29,High school graduate or GED,"$75,000 to under $100,000",South,Metropolitan,Asian or Asian-American,No,Democrat,,I was too young to vote,
6353f842-7e3a-4282-a57b-4dfe6b267e0f,1.241843463,Male,30-49,High school graduate or GED,"$50,000 to under $75,000",Midwest,Non-metro,White,No,Republican,,I voted,Donald Trump
972938cb-8cc6-4751-b338-6b527029de73,0.659761552,Male,30-49,4-year or bachelor degree,"$50,000 to under $75,000",Northeast,Metropolitan,White,No,Democrat,,I voted,Kamala Harris
60d0ccad-6d8b-4eb2-b989-12e541325b7f,1.062352579,Female,18-29,4-year or bachelor degree,"$50,000 to under $75,000",West,Metropolitan,White,No,Democrat,,I voted,Kamala Harris
5ca6ee4a-a8f2-4e50-93e3-e9755f935c0d,0.710321431,Female,30-49,"Some college, no degree","$75,000 to under $100,000",South,Non-metro,White,No,Republican,,I voted,Donald Trump
943b4085-d5c6-4640-b535-9dce09b89709,1.546593766,Male,65+,High school graduate or GED,"$50,000 to under $75,000",South,Non-metro,White,No,Republican,,I voted,Donald Trump
61b3b83c-fec1-4773-af48-3cd72312cdcd,0.844527031,Female,65+,4-year or bachelor degree,"$100,000 to under $150,000",South,Metropolitan,White,No,Republican,,I voted,Donald Trump
a971f667-0835-4c6e-aee3-2e866b28f73d,0.986159391,Female,30-49,High school graduate or GED,"$50,000 to under $75,000",South,Non-metro,Mixed race,No,Independent,Neither,I voted,Kamala Harris
5858e987-8a03-473d-8104-d6d85973b458,0.912258436,Female,30-49,High school graduate or GED,"$15,000 to under $50,000",South,Metropolitan,Black or African-American,No,Independent,Neither,I was not registered to vote,
26e3fb25-0ada-4584-8891-dcda03b95ecc,1.847250114,Female,50-64,High school graduate or GED,"$50,000 to under $75,000",South,Non-metro,White,No,Democrat,,I did not vote,
a58ec208-6c07-44f2-9cac-3aa598866099,2.95148634,Male,18-29,"Some college, no degree","$100,000 to under $150,000",South,Metropolitan,Asian or Asian-American,No,Independent,Neither,I did not vote,
6a8323b0-b25d-4895-ae61-76222d82aa65,0.912258436,Female,30-49,Some high school or less,"Less than $15,000",South,Metropolitan,Black or African-American,No,Other or none,The Democratic Party,I did not vote,
1fdd1ecd-01b3-4d45-8224-d77a580b043f,1.03685268,Male,65+,"Some college, no degree","$50,000 to under $75,000",South,Metropolitan,White,No,Republican,,I voted,Donald Trump
79db81d7-c9f2-45cb-bf5c-adb8f175c347,1.378236661,Female,50-64,Post-graduate degree,"$100,000 to under $150,000",South,Metropolitan,Asian or Asian-American,No,Democrat,,I did not vote,
a8bbc61f-4fec-4763-aaa7-ac678d21a18b,0.957448495,Male,30-49,High school graduate or GED,"$50,000 to under $75,000",South,Metropolitan,Black or African-American,No,Democrat,,I voted,Kamala Harris
239b4d65-ebbf-4493-adf9-bfb24842b4fb,0.861302015,Female,65+,4-year or bachelor degree,"$150,000 to under $200,000",Midwest,Metropolitan,Some other race,Yes,Democrat,,I voted,Kamala Harris
d541ecc6-9b26-4ddd-9930-b15c6301d2fb,1.258918857,Female,50-64,High school graduate or GED,"Less than $15,000",South,Metropolitan,White,No,Republican,,I did not vote,
c003ed5d-7a8f-4e22-abc2-27e7e48e62e8,0.734335338,Female,65+,"Some college, no degree","$100,000 to under $150,000",Northeast,Metropolitan,White,No,Democrat,,I voted,Kamala Harris
6a2c5532-e96e-465f-a81d-c1720038b1c9,1.289174967,Male,50-64,High school graduate or GED,"$100,000 to under $150,000",West,Metropolitan,White,Yes,Independent,The Republican Party,I voted,Donald Trump
9505d1fa-7ac9-4f4f-a91c-4ec78bc8044e,0.844527031,Female,65+,4-year or bachelor degree,"$50,000 to under $75,000",South,Metropolitan,White,No,Republican,,I voted,Donald Trump
a7bdbae4-233b-4f86-8716-33adb3bb97ee,0.472705946,Male,65+,4-year or bachelor degree,"$15,000 to under $50,000",Midwest,Metropolitan,White,No,Democrat,,I voted,Kamala Harris
2c4c0d98-6670-4170-9a78-996fa4964a9f,1.319542911,Female,65+,High school graduate or GED,"$50,000 to under $75,000",South,Metropolitan,White,No,Republican,,I voted,Donald Trump
a87ed54f-3c35-4c93-9b05-d4ae4915866f,2.675895373,Male,18-29,High school graduate or GED,"$15,000 to under $50,000",South,Non-metro,White,No,Republican,,I was not registered to vote,
55b267cb-182c-44ce-bd7d-4b8950d46518,0.844527031,Female,65+,Post-graduate degree,"$150,000 to under $200,000",Northeast,Metropolitan,White,No,Republican,,I voted,Donald Trump
47868500-64c0-4fa7-a78f-7bc3673fcb3b,0.613850633,Female,50-64,High school graduate or GED,"$15,000 to under $50,000",Midwest,Metropolitan,Mixed race,No,Democrat,,I voted,Kamala Harris
921b276f-7b83-48ea-9d4a-3c52dad63f95,0.685260961,Female,50-64,"Some college, no degree","$15,000 to under $50,000",Midwest,Non-metro,White,No,Independent,Neither,I did not vote,
8607c1fb-eb6c-4299-a8d2-93c4974795a1,0.710321431,Female,30-49,2-year or associate degree,"$75,000 to under $100,000",Northeast,Metropolitan,White,No,Republican,,I voted,Donald Trump
72ce651d-c3a7-4648-a124-08b36df94eaa,0.738585926,Male,65+,High school graduate or GED,"$15,000 to under $50,000",Midwest,Metropolitan,White,No,Democrat,,I voted,Kamala Harris
ec7a7238-79af-4f76-88eb-a13b317e39cf,1.059532099,Female,30-49,High school graduate or GED,"$100,000 to under $150,000",Midwest,Non-metro,White,No,Republican,,I voted,Donald Trump
17885102-5a2a-43f3-b81a-d77a253ac521,0.705699668,Female,50-64,4-year or bachelor degree,"$100,000 to under $150,000",South,Metropolitan,White,No,Republican,,I voted,Donald Trump
28423473-a9ce-4b42-b8b8-558ea6e726dd,1.594986255,Male,65+,Post-graduate degree,"$75,000 to under $100,000",South,Metropolitan,White,No,Independent,The Democratic Party,I did not vote,
8b85757b-7d37-4aed-becf-804fe8779d2a,0.827831585,Male,65+,2-year or associate degree,"$50,000 to under $75,000",Northeast,Metropolitan,White,No,Independent,The Democratic Party,I voted,Kamala Harris
0b214e40-b616-4232-918f-6d0d6e676953,0.912258436,Female,30-49,High school graduate or GED,"$15,000 to under $50,000",South,Metropolitan,Black or African-American,No,Independent,Neither,I did not vote,
deb5b4d9-aa27-4ad6-8e5f-5c573c3e3bbe,1.022151314,Female,50-64,High school graduate or GED,"$15,000 to under $50,000",South,Non-metro,White,No,Independent,The Republican Party,I did not vote,
9469cc26-26c5-4df3-9fdf-fccb2174c136,0.678116256,Female,30-49,Post-graduate degree,"$100,000 to under $150,000",Northeast,Metropolitan,White,No,Republican,,I voted,Donald Trump
6ba70380-ef99-49a3-90e7-6d9ed40d1c18,1.062352579,Female,18-29,Post-graduate degree,"$75,000 to under $100,000",South,Metropolitan,White,No,Democrat,,I voted,Kamala Harris
44a64eb2-2f5f-4bba-b240-f62c09871227,0.484316393,Male,65+,"Some college, no degree","$15,000 to under $50,000",Midwest,Metropolitan,White,No,Independent,The Republican Party,I voted,Donald Trump
cc96a7d0-6e62-41ea-8bc0-385a033f78bd,0.989842945,Male,65+,4-year or bachelor degree,"More than $200,000",Midwest,Non-metro,White,No,Republican,,I voted,Donald Trump
eb3f4caa-eba8-4f46-bf95-3752fba333c6,1.283826588,Male,65+,Some high school or less,"$50,000 to under $75,000",Northeast,Non-metro,White,No,Democrat,,I voted,Kamala Harris
3805092f-77c0-4352-98ee-3512c8e14850,2.269538215,Female,50-64,High school graduate or GED,"$50,000 to under $75,000",Midwest,Metropolitan,Native American or American Indian,Yes,Democrat,,I did not vote,
47e29d0c-d101-4b46-bbf4-676fde55e0b3,1.670735526,Male,65+,2-year or associate degree,"$50,000 to under $75,000",West,Metropolitan,White,No,Independent,The Republican Party,I voted,Someone else
fe05e617-f879-44f1-a74c-ba831715940e,0.541413515,Female,30-49,4-year or bachelor degree,"$50,000 to under $75,000",Midwest,Metropolitan,White,No,Independent,The Democratic Party,I voted,Kamala Harris
b831a0b8-6170-4a54-81d6-781dd606dc77,0.800406893,Male,50-64,4-year or bachelor degree,"$100,000 to under $150,000",West,Metropolitan,Asian or Asian-American,No,Democrat,,I voted,Kamala Harris
b8664153-a15f-4ca0-85d1-2982092b957e,1.196898558,Male,30-49,Some high school or less,"$15,000 to under $50,000",Midwest,Metropolitan,White,No,Democrat,,I did not vote,
e4a10c8f-a356-494f-80f0-5467305b1a96,0.562903911,Female,30-49,4-year or bachelor degree,"$50,000 to under $75,000",Northeast,Metropolitan,White,No,Democrat,,I voted,Kamala Harris
d8f35236-be73-4d02-808d-6def6552e23d,0.803681081,Male,65+,4-year or bachelor degree,"$50,000 to under $75,000",Midwest,Metropolitan,White,No,Independent,The Republican Party,I voted,Donald Trump
486da6e8-276b-4454-ae88-4f08da763541,1.218157914,Male,30-49,High school graduate or GED,"$50,000 to under $75,000",South,Metropolitan,Black or African-American,Yes,Independent,The Democratic Party,I voted,Kamala Harris
772c6635-c2fd-4dc5-8928-dc1fde558613,0.642141892,Female,50-64,2-year or associate degree,"$50,000 to under $75,000",,,White,No,,,I voted,Donald Trump
37772cf5-67f6-4573-9b93-e383cf7a8cc3,0.678116256,Female,30-49,4-year or bachelor degree,"$50,000 to under $75,000",South,Metropolitan,White,No,Republican,,I voted,Donald Trump
68da9060-16ac-49d4-8a02-3bc0c558bbab,1.008287326,Male,30-49,High school graduate or GED,"$50,000 to under $75,000",Northeast,Metropolitan,White,No,Independent,The Republican Party,I voted,Donald Trump
9577c637-bb41-44d1-94d9-0db0193ddedd,0.790298631,Male,65+,Post-graduate degree,"$75,000 to under $100,000",South,Metropolitan,White,No,Independent,The Democratic Party,I voted,Kamala Harris
1e1fb81f-6672-464e-8c7d-41739197c022,1.263928953,Female,65+,4-year or bachelor degree,"$50,000 to under $75,000",,,Black or African-American,No,Other or none,Neither,I did not vote,
11b8e8ae-d01e-41d8-90f1-7eb9cceae69d,3.110602498,Male,18-29,"Some college, no degree","$150,000 to under $200,000",South,Metropolitan,Mixed race,Yes,Independent,The Democratic Party,I did not vote,
c5410457-1f7a-4a2b-aa10-f421461074d7,0.66038559,Male,50-64,4-year or bachelor degree,"$100,000 to under $150,000",Midwest,Non-metro,White,No,Independent,The Democratic Party,I voted,Kamala Harris
7e908e35-ad14-4da5-8df0-8df0ce3d7aa8,0.701041399,Female,65+,Post-graduate degree,"$150,000 to under $200,000",Northeast,Metropolitan,White,No,Democrat,,I voted,Kamala Harris
4e094eda-0318-43e4-9d1d-eea523aafd8d,1.541690138,Female,18-29,High school graduate or GED,"$50,000 to under $75,000",South,Non-metro,Black or African-American,No,Democrat,,I voted,Kamala Harris
1ccbc844-5543-4406-9fbf-ea1ba3247644,0.794798233,Male,30-49,4-year or bachelor degree,"$50,000 to under $75,000",Midwest,Metropolitan,White,No,Republican,,I voted,Donald Trump
faf42239-b8da-4b5d-92bb-b30c88d215de,0.718260147,Female,65+,2-year or associate degree,"$75,000 to under $100,000",South,Non-metro,White,No,Other or none,The Republican Party,I voted,Donald Trump
30af9179-71a4-4f4d-8b83-40a1c7d91984,0.659761552,Male,30-49,4-year or bachelor degree,"More than $200,000",Northeast,Metropolitan,White,No,Democrat,,I voted,Kamala Harris
54212969-dc1f-4b58-925e-e87d68d3d9ab,0.884635406,Female,65+,"Some college, no degree","$50,000 to under $75,000",South,Metropolitan,White,No,Republican,,I voted,Donald Trump
3dd12a89-dbb7-4eea-a956-1f0ff7fd07c5,0.576729771,Female,30-49,"Some college, no degree","$50,000 to under $75,000",South,Metropolitan,White,No,Independent,The Republican Party,I voted,Donald Trump
336477e2-fe6f-4c88-a0f9-afcac1313e89,0.982198878,Female,30-49,Some high school or less,"Less than $15,000",South,Non-metro,White,No,Other or none,Neither,I was not registered to vote,
a4b13539-43fa-4061-88cd-fc03a1c44ee4,0.634573351,Male,30-49,Post-graduate degree,"$150,000 to under $200,000",Northeast,Metropolitan,White,No,Other or none,The Democratic Party,I voted,Kamala Harris
91c78f9c-ea3b-4020-91cd-335c5b7ffba1,1.500000152,Male,18-29,4-year or bachelor degree,"$75,000 to under $100,000",South,Metropolitan,White,No,Republican,,I voted,Donald Trump
ce5f1c1b-8ff8-4c45-a760-1eae3e6503e4,3.905282127,Female,18-29,High school graduate or GED,"$100,000 to under $150,000",West,Metropolitan,Asian or Asian-American,No,Democrat,,I was not registered to vote,
540fcc67-d742-4372-ad3f-549a2d51fca6,0.659761552,Male,30-49,4-year or bachelor degree,"More than $200,000",West,Metropolitan,White,No,Democrat,,I voted,Kamala Harris
8220399c-fe1b-4717-bc26-15d6208bb879,0.710321431,Female,30-49,2-year or associate degree,"$50,000 to under $75,000",West,Metropolitan,White,No,Republican,,I voted,Donald Trump
8e0adf02-dd4a-4e60-895a-ceb15c85d0ee,1.279789568,Female,18-29,4-year or bachelor degree,"$75,000 to under $100,000",Midwest,Metropolitan,White,No,Republican,,I voted,Donald Trump
6b20fc38-5d93-472f-8c75-0d4550443631,0.884635406,Female,65+,2-year or associate degree,"$50,000 to under $75,000",South,Metropolitan,White,No,Republican,,I voted,Donald Trump
313bf825-6abf-4307-9cf0-40143cc85929,1.585708032,Female,30-49,Some high school or less,"$50,000 to under $75,000",West,Metropolitan,Black or African-American,No,Independent,Neither,I was not registered to vote,
9e6c6b87-3f1d-4276-aa50-c18d3d59a3c7,1.03685268,Male,65+,"Some college, no degree","More than $200,000",Midwest,Metropolitan,White,No,Republican,,I voted,Donald Trump
ca09ad94-146d-4ac7-851a-b50376075bff,1.198030649,Male,50-64,High school graduate or GED,"$15,000 to under $50,000",Northeast,Metropolitan,White,No,Independent,The Democratic Party,I was not registered to vote,
c7b63b62-e697-4013-9af3-4dba3f5fcbdd,1.858557335,Male,30-49,High school graduate or GED,"$50,000 to under $75,000",South,Metropolitan,Black or African-American,No,Independent,Neither,I did not vote,
de19b3eb-2b06-4ce4-8b83-3704d8714091,0.585800885,Female,50-64,4-year or bachelor degree,"$75,000 to under $100,000",South,Metropolitan,White,No,Democrat,,I voted,Kamala Harris
b7141353-40e8-4c2a-92e0-9689fad7e1a4,0.671568169,Male,50-64,4-year or bachelor degree,"$50,000 to under $75,000",Northeast,Metropolitan,White,No,Independent,The Republican Party,I voted,Donald Trump
67d201f8-dac5-4790-b309-3da3db33862d,0.42076606,Male,50-64,"Some college, no degree","Less than $15,000",South,Metropolitan,White,No,Democrat,,I voted,Donald Trump
19cbb5de-b128-42aa-925c-d4a84fd01826,0.982198878,Female,30-49,High school graduate or GED,"Less than $15,000",South,Non-metro,White,No,Independent,Neither,I did not vote,
81988dd1-6cbc-4911-b138-7c16d5b5e46d,1.241843463,Male,30-49,High school graduate or GED,"$50,000 to under $75,000",Northeast,Metropolitan,White,No,Republican,,I voted,Donald Trump
152786e1-e0d4-4bc6-946a-b15e83f71491,1.964443273,Male,65+,4-year or bachelor degree,"$50,000 to under $75,000",West,Metropolitan,White,No,Republican,,I did not vote,
62ac474f-d8f7-4383-87b1-b2406c7704b9,0.843557243,Male,50-64,4-year or bachelor degree,"$75,000 to under $100,000",South,Metropolitan,White,Yes,Democrat,,I voted,Kamala Harris
96ecfc53-044c-4af3-8e07-4e8b3a22f106,0.495155751,Male,65+,"Some college, no degree","$15,000 to under $50,000",Midwest,Non-metro,White,No,Democrat,,I voted,Kamala Harris
4789c093-1dbd-46ba-a52a-9cc6d6a4166a,0.794798233,Male,30-49,4-year or bachelor degree,"$100,000 to under $150,000",South,Metropolitan,White,No,Republican,,I voted,Donald Trump
a8494188-4bde-4719-9fd7-588575eb285f,0.667993103,Male,50-64,"Some college, no degree","$75,000 to under $100,000",South,Metropolitan,Black or African-American,No,Democrat,,I voted,Kamala Harris
b2f3bbfa-715e-4330-81ac-9b1b93397ad3,0.675966398,Male,30-49,2-year or associate degree,"$50,000 to under $75,000",West,Metropolitan,White,No,Independent,The Republican Party,I voted,Donald Trump
e0f4f572-3020-4638-a55e-7216b19bfdd1,0.573225948,Male,50-64,High school graduate or GED,"$15,000 to under $50,000",Northeast,Metropolitan,Black or African-American,No,Democrat,,I voted,Kamala Harris
32808f69-1a2b-4b80-b198-12a5b4b7f67d,1.280700401,Male,30-49,4-year or bachelor degree,"More than $200,000",South,Metropolitan,White,No,Independent,Neither,I voted,Someone else
601b1a24-3bcd-4ff2-87c9-368f73e1096a,1.069228744,Male,30-49,Some high school or less,"Less than $15,000",Midwest,Metropolitan,Black or African-American,No,Other or none,The Republican Party,I did not vote,
cab6e02a-67e7-4795-ac65-dcd29ca7bcbf,0.645318841,Male,30-49,4-year or bachelor degree,"$100,000 to under $150,000",South,Metropolitan,White,No,Independent,The Republican Party,I voted,Donald Trump
de0e17b1-5a8e-44e7-b55b-35d28c43d2b7,0.827127862,Male,50-64,4-year or bachelor degree,"$100,000 to under $150,000",South,Non-metro,White,No,Republican,,I voted,Donald Trump
bde47f48-d490-4216-90ca-20c97f528ec2,1.360831043,Female,65+,4-year or bachelor degree,"$75,000 to under $100,000",West,Metropolitan,White,No,Other or none,Neither,I voted,Someone else
c2bdf437-a6aa-40c2-9d66-64c56569c818,0.609549221,Female,30-49,Some high school or less,"$15,000 to under $50,000",South,Metropolitan,White,No,Republican,,I voted,Donald Trump
505d75b0-67f2-4f47-8db9-5150922c07e5,1.137131175,Female,50-64,Post-graduate degree,"$150,000 to under $200,000",South,Metropolitan,White,No,Independent,The Republican Party,I voted,Someone else
ff741d1c-3243-4b95-a1f5-87820aeb1af6,0.840643291,Other,30-49,High school graduate or GED,"Less than $15,000",West,Metropolitan,White,Yes,Independent,The Democratic Party,,
e6bb2128-dfa3-4ce9-8f10-447e476f7cad,1.280700401,Male,30-49,4-year or bachelor degree,"$50,000 to under $75,000",Midwest,Non-metro,White,No,Independent,Neither,I voted,Someone else
babd0f9f-9df2-4f90-acab-e9e6ea8ad2fd,1.014876656,Female,30-49,Post-graduate degree,"$100,000 to under $150,000",South,Metropolitan,Black or African-American,No,Independent,The Democratic Party,I voted,Someone else
a6542c33-f03e-4740-933d-200dcf9e4e4e,0.659761552,Male,30-49,4-year or bachelor degree,"$150,000 to under $200,000",South,Metropolitan,White,No,Democrat,,I voted,Kamala Harris
9c138bb4-3d34-455b-bdf7-701f676da87a,1.530329321,Male,50-64,High school graduate or GED,"Less than $15,000",South,Metropolitan,Some other race,Yes,Democrat,,I was not registered to vote,
3eb29549-e057-4e27-82d0-29f779e4a5aa,2.153444885,Female,50-64,High school graduate or GED,"$75,000 to under $100,000",South,Metropolitan,Asian or Asian-American,No,Democrat,,I did not vote,
01416bb8-0e1a-48f7-9a7e-671ab963e1c9,1.173235241,Female,18-29,High school graduate or GED,"$15,000 to under $50,000",West,Metropolitan,White,Yes,Democrat,,I voted,Kamala Harris
